type,model_only,preds,human_only,poss,second_label,words,labels,direct_en_translation,type_label
,0,0,0,VERB,0,Blahopřeji,0,,
,0,0,0,CCONJ,0,proto,0,,
,0,0,0,NOUN,0,severu,0,,
,0,0,0,CCONJ,0,i,0,,
,0,0,0,NOUN,0,jihu,0,,
,0,0,0,NOUN,0,země,0,,
,0,1,0,ADP,1,k,1,,
,0,0,0,ADJ,0,prvním,0,,
,0,0,0,NOUN,0,výsledkům,0,,
,0,0,0,DET,0,tohoto,0,,
,0,0,0,NOUN,0,referenda,0,,
,0,0,0,DET,0,Žádná,0,,
,0,0,0,ADJ,0,jiná,0,,
,0,0,0,NOUN,0,opice,0,,
,0,0,0,ADV,0,tak,0,,
,0,0,0,ADV,0,rychle,0,,
,0,0,0,VERB,0,běhat,0,,
,0,0,0,VERB,0,neumí,0,,
,0,0,0,PUNCT,0,",",0,,
,0,0,0,NOUN,0,kočkodan,0,,
,0,0,0,ADJ,0,husarský,0,,
,0,0,0,AUX,0,je,0,,
,0,0,0,CCONJ,0,proto,0,,
c,1,1,0,NOUN,1,držitelem,0,1,c
,0,0,0,ADJ,0,rychlostního,0,,
,0,0,0,NOUN,0,rekordu,0,,
,0,0,0,ADJ,0,opičích,0,,
,0,0,1,NOUN,1,atletů,1,1,n
,0,0,0,PUNCT,0,.,0,,
,0,1,0,ADP,1,v,1,,
,0,0,0,NUM,0,šest,0,,
,0,0,0,NOUN,0,hmm,0,,
,0,0,0,PART,0,jo,0,,
,0,0,0,PUNCT,0,",",0,,
,0,0,0,SCONJ,0,takže,0,,
,0,0,0,PUNCT,0,",",0,,
,0,0,1,VERB,1,vidíš,1,1,c
,0,0,0,PUNCT,0,.,0,,
,0,0,0,CCONJ,0,I,0,,
,0,0,0,SCONJ,0,když,0,,
,0,0,0,AUX,0,by,0,,
,0,0,1,PRON,1,se,1,0,c
,0,0,0,VERB,0,mohlo,0,,
,0,0,1,VERB,1,zdát,1,0,c
,0,0,0,PUNCT,0,",",0,,
,0,0,0,SCONJ,0,že,0,,
,0,0,0,ADV,0,převážně,0,,
,0,0,0,ADJ,0,stromové,0,,
,0,0,0,NOUN,0,opice,0,,
,0,0,0,ADV,0,moc,0,,
,0,0,0,ADJ,0,dobří,0,,
,0,0,0,NOUN,0,běžci,0,,
,0,0,0,AUX,0,nebudou,0,,
,0,0,0,PUNCT,0,",",0,,
,0,0,0,NOUN,0,opak,0,,
,0,0,0,AUX,0,je,0,,
,0,0,0,NOUN,0,pravdou,0,,
,0,0,0,PUNCT,0,.,0,,
,0,0,0,ADV,0,Později,0,,
,0,0,0,DET,0,to,0,,
,0,0,0,PART,0,prý,0,,
,0,0,0,VERB,0,nejde,0,,
,0,0,0,PUNCT,0,",",0,,
,0,0,0,VERB,0,odjíždějí,0,,
,0,0,1,ADP,1,na,1,,c
,0,0,0,NOUN,0,hory,0,,
,0,0,0,PUNCT,0,",",0,,
,0,0,0,VERB,0,dostalo,0,,
,0,0,0,PRON,0,se,0,,
,0,0,0,PRON,0,mu,0,,
,0,0,0,NOUN,0,vysvětlení,0,,
,0,0,0,PUNCT,0,.,0,,
,0,0,0,NOUN,0,Vzpěrač,0,,
,0,0,0,VERB,0,musí,0,,
,0,0,0,VERB,0,mít,0,,
,0,0,0,ADV,0,nejen,0,,
,0,0,0,ADJ,0,silné,0,,
,0,0,0,NOUN,0,paže,0,,
,0,0,0,PUNCT,0,",",0,,
,0,0,0,CCONJ,0,ale,0,,
,0,0,0,CCONJ,0,i,0,,
,0,0,0,NOUN,0,nohy,0,,
,0,0,0,CCONJ,0,a,0,,
,0,0,0,ADJ,0,svalnatá,0,,
,0,0,0,NOUN,0,záda,0,,
,0,0,0,PUNCT,0,",",0,,
,0,0,1,ADP,1,s,1,,c
,0,0,0,DET,0,jejichž,0,,
,0,0,0,NOUN,0,pomocí,0,,
,0,0,0,VERB,0,zdvihá,0,,
,0,0,0,NOUN,0,zátěž,0,,
,0,0,0,ADP,0,nad,0,,
,0,0,0,NOUN,0,hlavu,0,,
,0,0,0,PUNCT,0,.,0,,
,0,0,0,VERB,0,Mohou,0,,
,0,0,0,ADV,0,takto,0,,
,0,0,0,NOUN,0,vzduchem,0,,
,0,0,0,VERB,0,létat,0,,
,0,0,0,NOUN,0,rychlostí,0,,
,0,0,0,PART,0,až,0,,
,0,0,0,NUM,0,55,0,,
,0,0,0,NOUN,0,km,0,,
,0,0,0,PUNCT,0,/,0,,
,0,0,0,NOUN,0,hod,0,,
,0,0,0,PUNCT,0,.,0,,
,0,0,0,PUNCT,0,",",0,,
,0,0,0,CCONJ,0,tj,0,,
,0,0,0,PUNCT,0,.,0,,
,0,0,0,ADV,0,stejně,0,,
,0,0,0,ADV,0,rychle,0,,
,0,0,0,SCONJ,0,jako,0,,
,0,0,0,ADJ,0,nejrychlejší,0,,
,1,1,0,ADJ,0,n,0,,
,0,0,1,NOUN,1,sprinter,1,1,n
,0,0,0,PUNCT,0,",",0,,
,0,0,0,CCONJ,0,a,0,,
,0,0,1,VERB,1,překonávají,1,0,c
,0,0,0,NOUN,0,vzdálenost,0,,
,0,0,0,PART,0,až,0,,
,0,0,0,NUM,0,15,0,,
,0,0,0,NOUN,0,m,0,,
,0,0,0,PUNCT,0,",",0,,
,0,0,0,AUX,0,jsou,0,,
,0,0,0,CCONJ,0,tedy,0,,
,0,0,0,ADJ,0,lepší,0,,
,0,0,0,SCONJ,0,než,0,,
,0,0,1,NOUN,1,dálkař,1,1,n
,0,0,0,NOUN,0,indri,0,,
,0,0,0,PUNCT,0,.,0,,
,0,0,0,ADJ,0,Celý,0,,
,0,0,0,NOUN,0,večer,0,,
,0,0,0,PRON,0,si,0,,
,0,0,0,VERB,0,hrál,0,,
,0,0,0,ADP,0,ve,0,,
,0,0,0,DET,0,svém,0,,
,0,0,0,NOUN,0,pokoji,0,,
,0,0,0,ADP,0,s,0,,
,0,0,0,PROPN,0,Olinem,0,,
,0,0,0,CCONJ,0,a,0,,
,0,0,0,PROPN,0,Laďou,0,,
,0,0,0,PUNCT,0,",",0,,
,0,0,0,ADV,0,přičemž,0,,
,0,0,0,PRON,0,jim,0,,
,0,0,0,VERB,0,říkal,0,,
,0,0,0,PUNCT,0,",",0,,
,0,0,0,ADV,0,jak,0,,
,0,0,0,PRON,0,jim,0,,
,0,0,0,VERB,0,závidí,0,,
,0,0,0,PUNCT,0,",",0,,
,0,0,0,SCONJ,0,že,0,,
,0,0,0,VERB,0,nemají,0,,
,0,0,0,NOUN,0,zámek,0,,
,0,0,0,CCONJ,0,a,0,,
,0,0,0,NOUN,0,dluhy,0,,
,0,0,0,PUNCT,0,.,0,,
,0,0,0,SCONJ,0,Když,0,,
,0,1,0,ADP,1,po,1,,
,0,0,0,NOUN,0,představení,0,,
,0,0,0,VERB,0,vyšel,0,,
,0,0,0,ADV,0,ven,0,,
,0,0,0,PUNCT,0,",",0,,
,0,0,0,AUX,0,byla,0,,
,0,0,0,ADV,0,už,0,,
,0,0,0,NOUN,0,tma,0,,
,0,0,0,PUNCT,0,.,0,,
,0,0,0,NOUN,0,Obchody,0,,
,0,0,0,ADV,0,už,0,,
,0,0,1,ADV,1,pomalu,1,,x
,0,1,0,VERB,1,zavíraly,1,1,c
,0,0,0,PUNCT,0,",",0,,
,0,0,0,CCONJ,0,ale,0,,
,0,0,1,ADP,1,na,1,,c
,0,0,0,ADJ,0,Staroměstském,0,,
,0,0,0,NOUN,0,náměstí,0,,
,0,0,0,AUX,0,bylo,0,,
,0,0,0,ADV,0,dosud,0,,
,0,0,0,ADV,0,rušno,0,,
,0,0,0,PUNCT,0,:,0,,
,1,1,0,VERB,0,vyhrávaly,0,,
,0,0,0,ADV,0,tu,0,,
,0,0,0,NOUN,0,koledy,0,,
,0,0,0,CCONJ,0,a,0,,
,0,0,0,ADP,0,pod,0,,
,0,0,0,ADJ,0,vysokou,0,,
,0,0,1,ADJ,1,rozzářenou,1,1,x
,0,0,0,NOUN,0,jedlí,0,,
,0,0,0,VERB,0,stála,0,,
,0,0,0,ADJ,0,realistická,0,,
,0,0,0,NOUN,0,maketa,0,,
,0,0,0,NOUN,0,chléva,0,,
,1,1,0,ADP,0,s,0,,
,0,0,0,ADJ,0,opravdovými,0,,
,0,0,0,PUNCT,0,",",0,,
,0,0,0,ADJ,0,živými,0,,
,0,0,0,NOUN,0,zvířaty,0,,
,0,0,0,PUNCT,0,",",0,,
,0,0,0,DET,0,která,0,,
,0,0,0,PRON,0,si,0,,
,0,0,0,ADJ,0,kolemjdoucí,0,,
,0,0,0,NOUN,0,děti,0,,
,0,0,0,VERB,0,mohly,0,,
,0,0,0,VERB,0,pohladit,0,,
,0,0,0,PUNCT,0,.,0,,
,0,1,0,ADP,1,ve,1,,
,0,0,0,NUM,0,štyři,0,,
,0,0,1,VERB,1,zavírám,1,1,c
,0,0,0,PUNCT,0,",",0,,
,0,0,0,CCONJ,0,a,0,,
,0,0,0,NUM,0,šesnác,0,,
,0,0,0,NUM,0,třicet,0,,
,0,0,0,NUM,0,pět,0,,
,0,0,0,PRON,0,mně,0,,
,0,0,0,VERB,0,jede,0,,
,0,0,0,NOUN,0,vlak,0,,
,0,0,0,PUNCT,0,",",0,,
,0,0,0,SCONJ,0,takže,0,,
,0,0,0,AUX,0,je,0,,
,1,1,0,PART,0,až,0,,
,0,1,0,ADP,1,po,1,,
,0,0,0,ADJ,0,páté,0,,
,0,0,0,ADP,0,ve,0,,
,0,0,0,PROPN,0,Veselí,0,,
,0,0,0,CCONJ,0,a,0,,
,0,0,0,PRON,0,já,0,,
,0,0,0,PART,0,fakt,0,,
,0,0,0,VERB,0,dojdu,0,,
,0,0,0,ADV,0,dom,0,,
,0,1,0,ADP,1,o,1,,
,0,0,0,NUM,0,půl,0,,
,0,0,0,ADJ,0,šesté,0,,
,0,0,0,PUNCT,0,",",0,,
,0,0,0,PRON,0,ty,0,,
,0,0,0,PART,0,jo,0,,
,0,0,0,CCONJ,0,a,0,,
,0,1,0,ADP,1,v,1,,
,0,0,0,DET,0,kolik,0,,
,0,0,0,VERB,0,vycház,0,,
,0,0,0,PUNCT,0,*,0,,
,0,1,0,ADP,1,v,1,,
,0,0,0,DET,0,kolik,0,,
,0,0,0,VERB,0,vstáváš,0,,
,0,0,0,ADV,0,ráno,0,,
,0,0,0,PUNCT,0,",",0,,
,0,0,0,INTJ,0,eee,0,,
,0,0,0,PUNCT,0,.,0,,
,0,0,0,NOUN,0,Ryba,0,,
,0,0,0,PRON,0,se,0,,
,0,0,0,VERB,0,potopila,0,,
,0,0,0,CCONJ,0,a,0,,
,0,0,0,ADV,0,hned,0,,
,0,0,0,ADV,0,vzápětí,0,,
,0,0,0,ADV,0,zase,0,,
,0,0,0,VERB,0,vynořila,0,,
,0,0,0,PUNCT,0,",",0,,
,0,0,0,CCONJ,0,avšak,0,,
,0,0,0,ADP,0,namísto,0,,
,0,0,0,ADJ,0,očekávaného,0,,
,0,0,0,ADJ,0,bystrého,0,,
,0,0,0,PUNCT,0,",",0,,
,0,0,0,PART,0,ne,0,,
,0,0,0,PUNCT,0,-,0,,
,0,0,0,SCONJ,0,li,0,,
,1,1,0,ADV,0,přímo,0,,
,0,0,0,ADJ,0,vděčného,0,,
,0,0,0,NOUN,0,švihnutí,0,,
,0,0,0,ADJ,0,ocasní,0,,
,1,1,0,NOUN,0,ploutví,0,,
,0,0,0,PRON,0,se,0,,
,0,0,0,ADV,0,pomalu,0,,
,0,0,0,PUNCT,0,",",0,,
,0,0,0,CCONJ,0,ale,0,,
,0,0,0,ADV,0,nezadržitelně,0,,
,0,0,0,VERB,0,otočila,0,,
,0,0,0,ADJ,0,světlým,0,,
,0,0,0,NOUN,0,břichem,0,,
,0,0,0,ADV,0,vzhůru,0,,
,0,0,0,PUNCT,0,.,0,,
,0,0,0,ADV,0,Jak,0,,
,0,0,0,VERB,0,upozorňoval,0,,
,0,0,0,NOUN,0,pan,0,,
,0,0,0,NOUN,0,poslanec,0,,
,0,0,0,PROPN,0,Milana,0,,
,0,0,0,CCONJ,0,a,0,,
,0,0,0,ADJ,0,další,0,,
,0,0,0,PUNCT,0,",",0,,
,0,0,0,ADV,0,ještě,0,,
,0,0,0,DET,0,mnoho,0,,
,0,0,0,DET,0,toho,0,,
,0,0,0,VERB,0,zbývá,0,,
,0,0,0,VERB,0,udělat,0,,
,0,0,0,PUNCT,0,",",0,,
,0,0,0,CCONJ,0,ale,0,,
,0,0,0,ADJ,0,mnozí,0,,
,0,0,0,ADP,0,z,0,,
,0,0,0,PRON,0,nás,0,,
,0,0,0,PRON,0,se,0,,
,0,0,0,VERB,0,připravovali,0,,
,0,1,0,ADP,1,na,1,,
,0,0,0,ADJ,0,nejhorší,0,,
,0,0,0,CCONJ,0,a,0,,
,0,0,0,VERB,0,očekávali,0,,
,0,0,0,PUNCT,0,",",0,,
,0,0,0,SCONJ,0,že,0,,
,0,0,0,ADV,0,znovu,0,,
,1,1,0,VERB,0,propukne,0,,
,0,0,0,ADJ,0,občanská,0,,
,0,0,0,NOUN,0,válka,0,,
,0,0,0,PUNCT,0,.,0,,
,0,0,0,AUX,0,Byl,0,,
,0,0,0,AUX,0,bych,0,,
,0,0,0,CCONJ,0,však,0,,
,0,0,0,ADJ,0,rád,0,,
,0,0,0,PUNCT,0,",",0,,
,0,0,0,_,0,kdyby,0,,
,0,0,0,ADJ,0,Evropská,0,,
,0,0,0,NOUN,0,unie,0,,
,0,1,0,ADP,1,od,1,,
,0,0,0,NOUN,0,nynějška,0,,
,0,1,0,VERB,1,kladla,1,0,c
,1,1,0,NOUN,0,důraz,0,,
,0,1,0,ADP,1,na,1,,
,0,0,0,DET,0,to,0,,
,0,0,0,PUNCT,0,",",0,,
,0,0,0,SCONJ,0,že,0,,
,0,0,0,DET,0,tato,0,,
,0,0,0,NOUN,0,země,0,,
,0,1,0,VERB,1,potřebuje,1,1,x
,0,0,0,NOUN,0,správu,0,,
,0,0,0,CCONJ,0,a,0,,
,0,0,0,NOUN,0,rozvoj,0,,
,0,0,0,PUNCT,0,",",0,,
,0,0,0,CCONJ,0,a,0,,
,0,0,0,VERB,0,nepomáhala,0,,
,0,0,0,VERB,0,financovat,0,,
,0,0,0,NOUN,0,zaostalost,0,,
,0,0,0,PUNCT,0,",",0,,
,0,0,0,DET,0,která,0,,
,0,0,0,PRON,0,se,0,,
,0,0,0,ADV,0,tak,0,,
,0,0,0,ADV,0,snadno,0,,
,0,0,0,VERB,0,může,0,,
,0,1,0,ADP,1,v,1,,
,0,0,0,NOUN,0,budoucnu,0,,
,1,1,0,ADP,0,v,0,,
,0,0,0,ADJ,0,jižním,0,,
,0,0,0,PROPN,0,Súdánu,0,,
,1,1,0,VERB,0,rozmoci,0,,
,0,0,0,PUNCT,0,.,0,,
,0,0,0,ADP,0,Na,0,,
,0,0,0,NOUN,0,stromech,0,,
,0,0,0,VERB,0,nehledá,0,,
,0,0,0,CCONJ,0,ani,0,,
,0,0,0,NOUN,0,bezpečí,0,,
,0,1,0,ADP,1,před,1,,
,0,0,0,NOUN,0,nepřáteli,0,,
,0,0,0,CCONJ,0,a,0,,
,0,0,1,VERB,1,dává,1,0,c
,0,0,0,NOUN,0,přednost,0,,
,0,0,0,ADJ,0,rychlému,0,,
,0,0,0,NOUN,0,útěku,0,,
,0,0,0,ADP,0,po,0,,
,0,0,0,NOUN,0,zemi,0,,
,0,0,0,PUNCT,0,.,0,,
,0,1,0,ADP,1,O,1,,
,0,0,0,DET,0,tom,0,,
,0,0,0,PUNCT,0,",",0,,
,0,0,0,ADV,0,jak,0,,
,0,0,0,ADJ,0,skvělý,0,,
,0,0,0,AUX,0,je,0,,
,0,0,0,NOUN,0,plavec,0,,
,0,0,0,PUNCT,0,",",0,,
,0,0,1,VERB,1,svědčí,1,0,c
,0,0,0,DET,0,to,0,,
,0,0,0,PUNCT,0,",",0,,
,0,0,0,SCONJ,0,že,0,,
,0,0,0,VERB,0,má,0,,
,0,0,1,ADP,1,ve,1,,c
,0,0,0,DET,0,svém,0,,
,0,1,0,ADJ,1,pestrém,1,0,c
,0,0,0,NOUN,0,jídelníčku,0,,
,0,0,0,ADJ,0,zařazeny,0,,
,0,0,0,CCONJ,0,i,0,,
,0,0,0,NOUN,0,ryby,0,,
,0,0,0,PUNCT,0,",",0,,
,0,0,0,DET,0,které,0,,
,0,0,0,PRON,0,si,0,,
,0,0,0,VERB,0,dovede,0,,
,0,0,0,ADP,0,ve,0,,
,0,0,0,NOUN,0,vodě,0,,
,0,0,0,DET,0,sám,0,,
,0,0,0,VERB,0,ulovit,0,,
,0,0,0,PUNCT,0,.,0,,
,0,0,0,X,0,dlúhú,0,,
,0,0,0,NOUN,0,sukňu,0,,
,0,0,0,PUNCT,0,",",0,,
,0,0,0,NOUN,0,klobouk,0,,
,0,0,0,PUNCT,0,",",0,,
,0,0,0,ADJ,0,háčkované,0,,
,0,0,0,NOUN,0,rukavičky,0,,
,0,0,0,PUNCT,0,",",0,,
,0,0,0,PROPN,0,Nikolce,0,,
,0,0,0,ADV,0,taky,0,,
,0,0,0,PUNCT,0,",",0,,
,0,0,0,NOUN,0,šatičky,0,,
,0,0,0,PUNCT,0,",",0,,
,0,0,0,NOUN,0,klobouček,0,,
,0,0,0,PUNCT,0,",",0,,
,0,0,0,CCONJ,0,a,0,,
,0,0,0,DET,0,ty,0,,
,0,0,0,ADP,0,pro,0,,
,0,0,0,PRON,0,ňu,0,,
,0,0,0,VERB,0,máš,0,,
,0,0,0,SCONJ,0,jako,0,,
,0,0,0,DET,0,ňáké,0,,
,0,0,0,NOUN,0,šatičky,0,,
,0,0,0,ADJ,0,aj,0,,
,0,0,0,PUNCT,0,.,0,,
,0,0,0,PART,0,no,0,,
,0,0,0,PART,0,jo,0,,
,0,0,0,PUNCT,0,?,0,,
,0,0,0,PART,0,no,0,,
,0,0,0,VERB,0,mám,0,,
,0,0,0,PUNCT,0,.,0,,
,0,0,0,SCONJ,0,takže,0,,
,0,0,0,DET,0,to,0,,
,0,0,0,AUX,0,bylo,0,,
,0,0,0,ADV,0,tak,0,,
,0,0,0,PUNCT,0,",",0,,
,0,0,0,PART,0,aha,0,,
,0,0,0,PUNCT,0,.,0,,
,0,0,0,ADV,0,tak,0,,
,0,0,0,DET,0,to,0,,
,0,0,0,AUX,0,je,0,,
,0,0,0,ADJ,0,dobré,0,,
,0,0,0,PART,0,ne,0,,
,0,0,0,PUNCT,0,?,0,,
,0,0,0,PART,0,tož,0,,
,0,0,0,PART,0,ba,0,,
c,1,1,0,ADV,1,jasně,0,,
,0,0,0,PUNCT,0,",",0,,
,0,0,0,DET,0,to,0,,
,0,0,0,AUX,0,je,0,,
,0,0,0,ADJ,0,výborné,0,,
,0,0,0,PUNCT,0,",",0,,
,0,0,0,SCONJ,0,takže,0,,
,0,0,0,ADV,0,tak,0,,
,0,0,0,ADV,0,tak,0,,
,0,0,0,ADV,0,tak,0,,
,0,0,0,ADV,0,tak,0,,
,0,0,1,ADV,1,sem,1,,c
,0,0,1,PRON,1,si,1,,c
,0,0,1,VERB,1,říkala,1,0,c
,0,0,0,ADV,0,jak,0,,
,0,0,0,AUX,0,bude,0,,
,0,1,0,ADP,1,o,1,,c
,0,0,0,NOUN,0,víkendu,0,,
,0,0,0,ADV,0,krásně,0,,
,0,0,0,PUNCT,0,.,0,,
,0,0,0,ADP,0,Navzdory,0,,
,0,0,0,ADJ,0,českému,0,,
,0,0,0,NOUN,0,jménu,0,,
,0,0,1,VERB,1,nežije,1,0,c
,0,0,0,ADV,0,jen,0,,
,0,0,0,ADP,0,na,0,,
,0,0,0,PROPN,0,Jávě,0,,
,0,0,0,PUNCT,0,",",0,,
,0,0,0,VERB,0,obývá,0,,
,0,0,0,DET,0,všechny,0,,
,0,0,0,ADJ,0,indonéské,0,,
,0,0,0,NOUN,0,ostrovy,0,,
,0,0,0,PUNCT,0,",",0,,
,0,0,0,ADJ,0,běžný,0,,
,0,0,0,AUX,0,je,0,,
,0,0,0,CCONJ,0,i,0,,
,0,0,0,ADP,0,v,0,,
,0,0,0,ADV,0,téměř,0,,
,0,0,0,ADJ,0,celé,0,,
,0,0,0,ADJ,0,Zadní,0,,
,0,0,0,PROPN,0,Indii,0,,
,0,0,0,PUNCT,0,.,0,,
,0,0,0,ADV,0,Přesně,0,,
,0,0,0,ADV,0,takto,0,,
,0,0,0,VERB,0,vypadají,0,,
,0,0,0,ADJ,0,opičí,0,,
,0,0,1,NOUN,1,vzpěrači,1,1,n
,0,0,0,NOUN,0,malpy,0,,
,0,0,0,ADJ,0,pruhohřbeté,0,,
,0,0,0,PUNCT,0,(,0,,
,0,0,0,X,0,Sapajus,0,,
,0,0,0,X,0,libidinosus,0,,
,0,0,0,PUNCT,0,),0,,
,0,0,0,PUNCT,0,.,0,,
,0,0,0,PRON,0,mně,0,,
,0,0,1,PRON,1,se,1,,
,0,0,1,VERB,1,zdá,1,0,c
,0,0,0,SCONJ,0,že,0,,
,0,0,0,AUX,0,by,0,,
,0,0,0,VERB,0,mohl,0,,
,0,0,0,AUX,0,být,0,,
,0,0,0,ADV,0,trošk,0,,
,0,0,0,PUNCT,0,*,0,,
,0,0,0,SCONJ,0,jako,0,,
,0,0,0,ADJ,0,volnější,0,,
,0,0,0,PUNCT,0,",",0,,
,0,0,0,SCONJ,0,že,0,,
,0,0,0,SCONJ,0,že,0,,
,0,0,0,AUX,0,je,0,,
,0,0,0,PRON,0,jí,0,,
,0,0,0,ADV,0,trochu,0,,
,0,0,0,ADJ,0,malý,0,,
,0,0,0,SCONJ,0,jako,0,,
,0,0,0,PUNCT,0,",",0,,
,0,0,0,CCONJ,0,ale,0,,
,0,0,0,DET,0,to,0,,
,0,0,0,AUX,0,by,0,,
,0,0,0,PRON,0,se,0,,
,0,0,0,VERB,0,dalo,0,,
,0,0,0,VERB,0,roztahnút,0,,
,0,0,0,ADJ,0,vlhké,0,,
,0,0,0,SCONJ,0,dyby,0,,
,0,0,0,DET,0,to,0,,
,0,0,0,AUX,0,bylo,0,,
,0,0,0,PUNCT,0,.,0,,
,0,0,0,NOUN,0,Cestou,0,,
,0,0,0,PRON,0,se,0,,
,0,0,0,VERB,0,koulovali,0,,
,0,0,0,ADJ,0,špinavým,0,,
,0,0,0,ADJ,0,městským,0,,
,0,0,0,NOUN,0,sněhem,0,,
,0,0,0,PUNCT,0,",",0,,
,0,0,0,VERB,0,nahlíželi,0,,
,1,1,0,ADP,0,do,0,,
,0,0,0,ADJ,0,osvětlených,0,,
,0,0,0,NOUN,0,výloh,0,,
,0,0,0,ADJ,0,přecpaných,0,,
,0,0,0,NOUN,0,obchodů,0,,
,0,0,0,CCONJ,0,a,0,,
,0,0,0,ADP,0,v,0,,
,0,0,0,NUM,0,jednom,0,,
,0,0,0,ADP,0,z,0,,
,0,0,0,PRON,0,nich,0,,
,0,0,0,ADV,0,společně,0,,
,0,0,0,VERB,0,vybrali,0,,
,0,0,0,NOUN,0,dárek,0,,
,0,0,0,NOUN,0,mámě,0,,
,0,0,0,PUNCT,0,.,0,,
,0,1,0,ADP,1,Za,1,,
,0,1,0,ADJ,1,královskou,1,0,c
,0,0,0,NOUN,0,disciplínu,0,,
,0,0,0,PRON,0,se,0,,
,0,1,0,ADP,1,v,1,,
,0,0,0,NOUN,0,atletice,0,,
,0,0,0,VERB,0,považuje,0,,
,0,0,0,NOUN,0,sprint,0,,
,0,0,0,PUNCT,0,.,0,,
,0,0,0,CCONJ,0,a,0,,
,0,0,0,PRON,0,co,0,,
,0,0,0,PROPN,0,Nikolka,0,,
,0,0,0,SCONJ,0,kdyžs,0,,
,0,0,0,PRON,0,jí,0,,
,0,0,0,DET,0,to,0,,
,0,0,0,VERB,0,dala,0,,
,0,0,0,PUNCT,0,",",0,,
,0,0,0,VERB,0,říká,0,,
,0,0,0,PUNCT,0,",",0,,
,0,0,0,PRON,0,já,0,,
,0,0,0,DET,0,takový,0,,
,0,0,0,ADV,0,doma,0,,
,0,0,0,VERB,0,mám,0,,
,0,0,0,PUNCT,0,.,0,,
,0,0,0,CCONJ,0,Jednak,0,,
,0,0,1,ADV,1,tu,1,,
,0,0,0,AUX,0,byli,0,,
,0,0,0,NOUN,0,rodiče,0,,
,0,0,0,CCONJ,0,a,0,,
,0,0,0,ADJ,0,ostatní,0,,
,0,0,0,NOUN,0,příbuzní,0,,
,0,0,0,PUNCT,0,",",0,,
,0,0,0,CCONJ,0,a,0,,
,0,0,0,ADV,0,pak,0,,
,0,0,1,ADV,1,tu,1,,
,0,0,0,AUX,0,byl,0,,
,0,0,0,DET,0,jeho,0,,
,0,0,0,NOUN,0,syn,0,,
,0,0,0,PUNCT,0,.,0,,
,0,0,0,CCONJ,0,I,0,,
,0,1,0,ADP,1,přes,1,,
,0,0,0,DET,0,všechny,0,,
,0,0,0,NOUN,0,naděje,0,,
,0,0,0,PUNCT,0,",",0,,
,0,0,0,DET,0,které,0,,
,0,1,0,VERB,1,vzkřísilo,1,1,c
,0,0,0,ADJ,0,nedávné,0,,
,0,0,0,NOUN,0,referendum,0,,
,0,0,0,PUNCT,0,",",0,,
,0,0,0,AUX,0,bychom,0,,
,0,0,0,VERB,0,neměli,0,,
,0,0,0,VERB,0,předpokládat,0,,
,0,0,0,PUNCT,0,",",0,,
,0,0,0,SCONJ,0,že,0,,
,0,0,0,DET,0,tato,0,,
,0,0,0,NOUN,0,záležitost,0,,
,0,0,0,AUX,0,je,0,,
,0,0,0,ADV,0,již,0,,
,1,1,0,ADJ,0,vyřešena,0,,
,0,0,0,PUNCT,0,.,0,,
,0,0,0,ADJ,0,Neuvěřitelné,0,,
,0,0,1,NOUN,1,výkony,1,0,c
,0,0,0,NOUN,0,opic,0,,
,0,0,0,PUNCT,0,.,0,,
,0,0,0,NOUN,0,Většina,0,,
,0,0,0,NOUN,0,opic,0,,
,0,0,0,PUNCT,0,„,0,,
,0,1,0,VERB,1,trénuje,1,1,n
,0,0,0,PUNCT,0,“,0,,
,0,0,0,ADV,0,jen,0,,
,0,0,0,NUM,0,jednu,0,,
,0,0,0,NOUN,0,disciplínu,0,,
,0,0,0,PUNCT,0,.,0,,
,0,0,0,VERB,0,Sli,0,,
,0,0,0,ADP,0,se,0,,
,0,0,0,NOUN,0,synem,0,,
,0,0,0,ADP,0,do,0,,
,0,0,0,NOUN,0,kina,0,,
,0,0,0,PUNCT,0,",",0,,
,1,1,0,ADP,0,po,0,,
,0,0,0,NOUN,0,filmu,0,,
,0,0,0,PRON,0,si,0,,
,0,0,0,VERB,0,dali,0,,
,0,0,0,ADP,0,v,0,,
,0,0,0,NOUN,0,pizzerii,0,,
,0,0,0,NOUN,0,oběd,0,,
,0,0,0,CCONJ,0,a,0,,
,0,0,0,ADV,0,nakonec,0,,
,0,0,0,PRON,0,se,0,,
,0,0,0,VERB,0,stavili,0,,
,0,0,0,ADV,0,doma,0,,
,0,0,0,ADP,0,pro,0,,
,0,0,0,NOUN,0,kapra,0,,
,0,0,0,PUNCT,0,.,0,,
,0,1,0,NOUN,1,Podpora,1,1,c
,0,0,0,ADJ,0,reformních,0,,
,0,0,0,NOUN,0,procesů,0,,
,0,0,0,CCONJ,0,a,0,,
,0,1,0,NOUN,1,plnění,1,1,c
,0,0,0,ADJ,0,existujících,0,,
,0,0,0,NOUN,0,nařízení,0,,
,0,1,0,VERB,1,posune,1,1,c
,0,0,0,NOUN,0,proces,0,,
,0,1,0,NOUN,1,vstupu,1,1,c
,0,0,0,PROPN,0,Turecka,0,,
,0,1,0,ADV,1,dopředu,1,1,c
,0,0,0,PUNCT,0,",",0,,
,0,1,0,NOUN,1,směrem,1,1,c
,0,1,0,ADP,1,k,1,,
,0,0,0,NOUN,0,výhodám,0,,
,0,0,0,ADP,0,pro,0,,
,0,0,0,DET,0,všechny,0,,
,0,0,0,NOUN,0,obyvatele,0,,
,0,0,0,PROPN,0,Turecka,0,,
,0,0,0,PUNCT,0,.,0,,
,0,0,0,NOUN,0,Většina,0,,
,0,0,0,ADJ,0,českého,0,,
,0,0,0,ADJ,0,raženého,0,,
,0,0,0,NOUN,0,stříbra,0,,
,0,0,0,ADJ,0,desátého,0,,
,0,0,0,NOUN,0,století,0,,
,0,0,0,VERB,0,směřovala,0,,
,0,0,0,ADP,0,do,0,,
,0,0,0,PROPN,0,Pobaltí,0,,
,0,0,0,PUNCT,0,",",0,,
,0,0,0,ADP,0,na,0,,
,0,0,0,PROPN,0,Gotland,0,,
,0,0,0,CCONJ,0,a,0,,
,0,0,0,ADP,0,do,0,,
,0,0,0,ADJ,0,jižní,0,,
,0,0,0,PROPN,0,Skandinávie,0,,
,0,0,0,PUNCT,0,.,0,,
,0,0,0,NOUN,0,Matce,0,,
,0,0,0,AUX,0,jsem,0,,
,0,0,0,ADJ,0,Josefovo,0,,
,0,0,0,NOUN,0,blouznění,0,,
,0,0,1,VERB,1,překládala,1,0,n
,0,0,0,ADV,0,raději,0,,
,0,0,0,ADV,0,jen,0,,
,0,0,0,ADV,0,namátkově,0,,
,0,0,0,PUNCT,0,",",0,,
,0,0,0,SCONJ,0,protože,0,,
,0,0,0,AUX,0,jsem,0,,
,0,0,0,PRON,0,se,0,,
,0,0,0,VERB,0,obávala,0,,
,0,0,0,PUNCT,0,",",0,,
,0,0,0,SCONJ,0,že,0,,
,0,0,0,AUX,0,by,0,,
,0,1,0,ADP,1,s,1,,
,0,0,0,DET,0,jeho,0,,
,0,0,0,NOUN,0,argumenty,0,,
,0,0,0,AUX,0,byla,0,,
,0,0,0,ADJ,0,schopná,0,,
,0,0,0,VERB,0,souhlasit,0,,
,0,0,0,PUNCT,0,.,0,,
,0,0,0,AUX,0,Nebyl,0,,
,0,0,0,PRON,0,si,0,,
,0,0,0,CCONJ,0,sice,0,,
,0,0,0,ADJ,0,jistý,0,,
,0,0,0,PUNCT,0,",",0,,
,0,0,0,SCONJ,0,jestli,0,,
,0,0,0,PRON,0,se,0,,
,0,0,0,VERB,0,dokáže,0,,
,0,1,0,ADP,1,na,1,,
,0,0,0,NOUN,0,prodavačku,0,,
,0,0,0,ADV,0,aspoň,0,,
,0,0,0,ADV,0,trochu,0,,
,0,0,0,VERB,0,usmívat,0,,
,0,0,0,CCONJ,0,ale,0,,
,0,0,0,VERB,0,podařilo,0,,
,0,0,0,PRON,0,se,0,,
,0,0,0,PRON,0,mu,0,,
,0,0,0,DET,0,to,0,,
,0,0,0,PUNCT,0,.,0,,
,0,0,0,PROPN,0,Oskar,0,,
,0,0,0,ADV,0,lhostejně,0,,
,0,0,0,VERB,0,přikývl,0,,
,0,0,0,PUNCT,0,.,0,,
,0,0,0,NOUN,0,Rekord,0,,
,0,1,0,ADP,1,bez,1,,
,1,1,0,NOUN,0,rozběhu,0,,
,0,0,0,PUNCT,0,.,0,,
,0,0,0,SCONJ,0,Když,0,,
,0,0,1,ADP,1,ve,1,,
,0,0,1,DET,1,své,1,,
,0,0,0,NOUN,0,čtvrti,0,,
,0,0,0,VERB,0,vystupoval,0,,
,0,0,0,ADP,0,z,0,,
,0,0,0,NOUN,0,tramvaje,0,,
,0,0,0,PUNCT,0,",",0,,
,0,0,0,VERB,0,všiml,0,,
,0,0,0,PRON,0,si,0,,
,0,0,0,ADJ,0,drobné,0,,
,0,0,0,PUNCT,0,",",0,,
,0,0,0,ADV,0,nepříliš,0,,
,0,0,0,ADJ,0,hezké,0,,
,0,0,0,ADJ,0,mladé,0,,
,0,0,0,NOUN,0,ženy,0,,
,0,0,0,PUNCT,0,",",0,,
,0,0,0,ADJ,0,prodávající,0,,
,0,0,1,ADP,1,na,1,,
,0,0,0,ADV,0,téměř,0,,
,0,0,0,ADJ,0,liduprázdném,0,,
,0,0,0,NOUN,0,náměstí,0,,
,0,0,0,ADJ,0,vánoční,0,,
,0,0,0,NOUN,0,stromky,0,,
,0,0,0,PUNCT,0,",",0,,
,0,0,0,VERB,0,vypadala,0,,
,0,0,0,ADP,0,v,0,,
,0,0,0,DET,0,té,0,,
,0,0,0,DET,0,své,0,,
,0,0,0,ADJ,0,dřevěné,0,,
,1,1,0,NOUN,0,ohrádce,0,,
,0,0,0,ADV,0,tak,0,,
,1,1,0,ADV,0,promrzle,0,,
,0,0,0,CCONJ,0,a,0,,
,0,0,0,ADV,0,osaměle,0,,
,0,0,0,PUNCT,0,",",0,,
,0,0,1,SCONJ,1,až,1,,
,0,0,0,PRON,0,jí,0,,
,0,0,0,PROPN,0,Oskarovi,0,,
,0,1,0,VERB,1,přišlo,1,0,c
,0,0,0,ADV,0,líto,0,,
,0,0,0,PUNCT,0,.,0,,
,0,0,0,DET,0,Tato,0,,
,0,0,1,NOUN,1,otázka,1,1,c
,0,0,0,AUX,0,bude,0,,
,0,0,1,VERB,1,mít,1,0,c
,0,0,0,ADJ,0,velký,0,,
,0,0,0,NOUN,0,význam,0,,
,0,0,0,CCONJ,0,a,0,,
,0,0,0,VERB,0,měli,0,,
,0,0,0,AUX,0,bychom,0,,
,0,0,0,PRON,0,jí,0,,
,0,0,0,ADV,0,již,0,,
,0,0,0,ADV,0,teď,0,,
,0,0,1,VERB,1,věnovat,1,0,c
,0,0,0,NOUN,0,pozornost,0,,
,0,0,0,PUNCT,0,.,0,,
,0,0,0,PUNCT,0,„,0,,
,0,0,0,ADJ,0,Hezký,0,,
,0,0,0,PROPN,0,Vánoce,0,,
,0,0,0,PUNCT,0,",",0,,
,0,0,0,PUNCT,0,”,0,,
,0,0,0,VERB,0,popřála,0,,
,0,0,0,PRON,0,mu,0,,
,0,0,0,NOUN,0,exmanželka,0,,
,0,0,0,PUNCT,0,",",0,,
,0,0,0,VERB,0,přibouchla,0,,
,0,0,0,NOUN,0,dveře,0,,
,0,0,0,ADP,0,od,0,,
,0,0,0,NOUN,0,auta,0,,
,0,0,0,CCONJ,0,a,0,,
,0,0,0,VERB,0,odjela,0,,
,0,0,0,PUNCT,0,.,0,,
,0,0,0,CCONJ,0,I,0,,
,0,1,0,ADP,1,k,1,,
,0,0,0,NOUN,0,odpočinku,0,,
,0,0,0,PRON,0,si,0,,
,0,0,0,VERB,0,vybírá,0,,
,0,0,0,NOUN,0,stromy,0,,
,0,0,0,PUNCT,0,",",0,,
,0,0,0,DET,0,jejichž,0,,
,0,0,0,NOUN,0,větve,0,,
,0,0,1,VERB,1,sahají,1,0,c
,0,0,0,ADP,0,nad,0,,
,0,0,0,NOUN,0,hladinu,0,,
,0,0,0,PUNCT,0,",",0,,
,0,0,0,_,0,aby,0,,
,0,0,0,VERB,0,mohl,0,,
,0,1,0,ADP,1,v,1,,
,0,0,0,NOUN,0,případě,0,,
,0,0,0,NOUN,0,nebezpečí,0,,
,0,0,0,ADV,0,jen,0,,
,0,0,0,VERB,0,seskočit,0,,
,0,0,0,CCONJ,0,a,0,,
,0,0,0,ADV,0,rychle,0,,
,0,0,0,VERB,0,odplavat,0,,
,0,0,0,ADV,0,pryč,0,,
,0,0,0,PUNCT,0,.,0,,
,0,0,0,PRON,0,já,0,,
,0,0,0,VERB,0,říkám,0,,
,0,0,0,PUNCT,0,.,0,,
,0,1,0,ADP,1,V,1,,
,0,0,0,DET,0,tom,0,,
,0,0,0,ADV,0,pak,0,,
,0,0,0,CCONJ,0,ale,0,,
,0,1,0,VERB,1,dosahuje,1,0,c
,0,0,0,ADJ,0,vynikajících,0,,
,0,0,0,NOUN,0,výsledků,0,,
,0,0,0,PUNCT,0,.,0,,
,0,0,0,AUX,0,Je,0,,
,0,0,0,CCONJ,0,však,0,,
,0,0,0,ADJ,0,nutné,0,,
,0,0,0,VERB,0,zajistit,0,,
,0,0,0,PUNCT,0,",",0,,
,0,0,0,ADV,0,jak,0,,
,0,0,0,VERB,0,řekla,0,,
,0,0,0,NOUN,0,baronka,0,,
,0,0,0,PROPN,0,Ashtonová,0,,
,0,0,0,PUNCT,0,",",0,,
,0,0,0,_,0,aby,0,,
,0,0,0,PRON,0,se,0,,
,0,0,0,VERB,0,konalo,0,,
,0,0,0,ADJ,0,dodatečné,0,,
,1,1,0,ADJ,0,řádné,0,,
,0,0,0,NOUN,0,referendum,0,,
,0,0,0,ADP,0,v,0,,
,0,0,0,PROPN,0,Abyei,0,,
,0,0,0,PUNCT,0,",",0,,
,0,0,0,CCONJ,0,ale,0,,
,0,0,0,ADV,0,také,0,,
,0,0,0,ADP,0,v,0,,
,0,0,0,NOUN,0,oblasti,0,,
,0,0,0,PUNCT,0,",",0,,
,0,0,0,ADP,0,v,0,,
,0,0,0,PRON,0,níž,0,,
,0,0,0,PRON,0,se,0,,
,0,0,0,VERB,0,nachází,0,,
,0,0,0,NOUN,0,ropa,0,,
,0,0,0,PUNCT,0,.,0,,
,0,0,0,NOUN,0,Výsledky,0,,
,0,0,0,NOUN,0,práce,0,,
,0,0,1,ADJ,1,domácích,1,0,c
,0,0,0,NOUN,0,řemeslníků,0,,
,0,0,0,CCONJ,0,a,0,,
,0,0,0,ADV,0,rovněž,0,,
,0,0,0,NOUN,0,prospektorů,0,,
,0,0,0,PUNCT,0,",",0,,
,0,0,0,DET,0,kteří,0,,
,0,0,0,ADV,0,již,0,,
,0,0,0,ADV,0,tenkrát,0,,
,0,0,0,VERB,0,křižovali,0,,
,0,0,0,NOUN,0,krajinou,0,,
,0,0,0,CCONJ,0,a,0,,
,0,0,0,VERB,0,hledali,0,,
,0,0,0,NOUN,0,ložiska,0,,
,0,0,0,ADJ,0,železných,0,,
,0,0,0,CCONJ,0,i,0,,
,0,0,1,ADJ,1,barevných,1,0,c
,0,0,0,CCONJ,0,a,0,,
,0,0,0,ADJ,0,cenných,0,,
,0,0,0,NOUN,0,kovů,0,,
,0,0,0,PUNCT,0,",",0,,
,0,0,0,PRON,0,se,0,,
,0,0,0,VERB,0,směňovaly,0,,
,1,1,0,ADP,0,na,0,,
,0,0,0,NOUN,0,tržištích,0,,
,0,0,0,ADP,0,v,0,,
,0,0,0,NOUN,0,podhradí,0,,
,0,0,0,ADJ,0,velkých,0,,
,0,0,0,NOUN,0,ústředí,0,,
,0,0,0,CCONJ,0,a,0,,
,1,1,0,ADP,0,na,0,,
,0,0,0,ADV,0,všeobecně,0,,
,0,0,0,ADJ,0,známých,0,,
,0,0,0,CCONJ,0,a,0,,
,0,0,0,ADJ,0,přístupných,0,,
,0,0,0,NOUN,0,místech,0,,
,0,0,0,PUNCT,0,.,0,,
,0,0,0,ADV,0,Zato,0,,
,0,1,0,ADP,1,v,1,,
,0,0,0,NOUN,0,plavání,0,,
,0,0,1,AUX,1,by,1,,
,0,0,0,ADV,0,zcela,0,,
,0,1,0,VERB,1,propadli,1,0,n
,0,0,0,PUNCT,0,-,0,,
,0,0,0,VERB,0,plavat,0,,
,0,0,0,VERB,0,neumí,0,,
,0,0,0,PART,0,vůbec,0,,
,0,0,0,PUNCT,0,.,0,,
,0,0,0,ADV,0,pak,0,,
,0,0,0,VERB,0,má,0,,
,0,0,0,ADV,0,eště,0,,
,0,0,0,ADJ,0,druhé,0,,
,0,0,0,ADJ,0,ňáké,0,,
,0,0,0,PUNCT,0,",",0,,
,0,0,0,CCONJ,0,ale,0,,
,0,0,0,SCONJ,0,jako,0,,
,1,1,0,NOUN,0,šatičky,0,,
,0,0,0,ADJ,0,oranžové,0,,
,0,0,0,VERB,0,nemá,0,,
,0,0,0,PUNCT,0,.,0,,
,0,0,0,VERB,0,Nelze,0,,
,0,0,0,CCONJ,0,proto,0,,
,0,0,1,VERB,1,vyloučit,1,0,c
,0,0,0,PUNCT,0,",",0,,
,0,0,0,SCONJ,0,že,0,,
,0,1,0,ADP,1,u,1,,
,0,0,0,DET,0,těchto,0,,
,0,0,0,NOUN,0,peněz,0,,
,0,0,1,VERB,1,nešlo,1,0,c
,0,1,0,ADP,1,o,1,,
,0,0,0,NOUN,0,platby,0,,
,0,1,0,ADP,1,za,1,,
,0,0,0,NOUN,0,zboží,0,,
,0,0,0,PUNCT,0,",",0,,
,0,0,0,CCONJ,0,ale,0,,
,0,0,0,PART,0,spíše,0,,
,0,1,0,ADP,1,za,1,,
,0,0,0,NOUN,0,služby,0,,
,0,0,0,PUNCT,0,",",0,,
,0,0,0,CCONJ,0,a,0,,
,0,0,0,ADV,0,zde,0,,
,0,0,0,ADV,0,už,0,,
,0,0,0,PRON,0,si,0,,
,0,0,0,VERB,0,můžeme,0,,
,0,0,0,VERB,0,představovat,0,,
,0,0,0,ADJ,0,rozsáhlé,0,,
,0,0,0,ADJ,0,přemyslovské,0,,
,0,0,0,PUNCT,0,„,0,,
,0,0,0,ADJ,0,náborové,0,,
,0,0,0,NOUN,0,akce,0,,
,0,0,0,PUNCT,0,“,0,,
,0,1,0,ADP,1,mezi,1,,
,0,0,0,ADJ,0,nezaměstnanými,0,,
,0,0,0,NOUN,0,vikingy,0,,
,0,0,0,NUM,0,obou,0,,
,0,0,0,NOUN,0,břehů,0,,
,0,0,0,ADJ,0,Baltského,0,,
,0,0,0,NOUN,0,moře,0,,
,0,0,0,PUNCT,0,.,0,,
,0,0,0,PART,0,ano,0,,
,0,0,0,PUNCT,0,",",0,,
,0,0,0,CCONJ,0,a,0,,
,0,0,0,PRON,0,já,0,,
,0,0,0,ADV,0,sem,0,,
,0,0,0,PRON,0,jí,0,,
,0,0,0,CCONJ,0,a,0,,
,0,0,0,ADV,0,už,0,,
,0,0,0,ADJ,0,předtým,0,,
,0,0,0,ADV,0,sem,0,,
,0,0,0,PRON,0,jí,0,,
,0,0,0,VERB,0,říkala,0,,
,0,0,0,PUNCT,0,.,0,,
,0,0,0,DET,0,Málokterá,0,,
,0,0,0,VERB,0,má,0,,
,0,0,0,CCONJ,0,ale,0,,
,0,0,0,ADV,0,tak,0,,
,0,1,0,ADJ,1,čistý,1,1,c
,0,0,0,NOUN,0,styl,0,,
,0,0,0,PUNCT,0,",",0,,
,0,0,0,SCONJ,0,jako,0,,
,0,0,0,ADJ,0,madagaskarský,0,,
,0,0,0,NOUN,0,indri,0,,
,0,0,0,PUNCT,0,(,0,,
,0,0,0,X,0,Indri,0,,
,0,0,0,X,0,indri,0,,
,0,0,0,PUNCT,0,),0,,
,0,0,0,PUNCT,0,.,0,,
,0,0,0,ADV,0,Již,0,,
,0,1,0,ADP,1,od,1,,
,0,0,0,NOUN,0,doby,0,,
,0,1,0,ADP,1,kolem,1,,
,0,0,0,NOUN,0,roku,0,,
,0,0,0,NUM,0,900,0,,
,0,0,0,CCONJ,0,však,0,,
,0,0,0,DET,0,naši,0,,
,0,0,0,NOUN,0,podnikatelé,0,,
,0,0,0,VERB,0,nabízeli,0,,
,0,1,0,ADP,1,na,1,,
,0,0,0,ADJ,0,zahraničních,0,,
c,1,1,0,NOUN,1,trzích,0,0,c
,0,0,0,PUNCT,0,„,0,,
,0,0,1,NOUN,1,zboží,1,1,n
,0,0,0,PUNCT,0,“,0,,
,0,0,0,PUNCT,0,",",0,,
,1,1,0,ADP,0,se,0,,
,0,0,0,DET,0,kterým,0,,
,0,0,0,VERB,0,nemohli,0,,
,1,1,0,VERB,0,neuspět,0,,
,0,0,0,PUNCT,0,-,0,,
,0,0,0,NOUN,0,otroky,0,,
,0,0,0,CCONJ,0,a,0,,
,0,0,0,NOUN,0,otrokyně,0,,
,0,0,0,PUNCT,0,.,0,,
,0,0,0,SCONJ,0,Než,0,,
,0,0,1,PRON,1,se,1,,
,0,0,1,VERB,1,naobědvá,1,0,n
,0,0,0,PUNCT,0,",",0,,
,0,0,0,ADV,0,mnohokrát,0,,
,0,0,0,DET,0,tento,0,,
,0,0,0,ADJ,0,vzpěračský,0,,
,0,0,1,NOUN,1,výkon,1,0,c
,0,0,0,VERB,0,zopakuje,0,,
,0,0,0,PUNCT,0,.,0,,
,0,1,0,ADP,1,Při,1,,
,0,0,0,NOUN,0,výskytu,0,,
,0,0,0,NUM,0,tisíců,0,,
,0,0,0,NOUN,0,kusů,0,,
,0,0,0,ADJ,0,českých,0,,
,0,0,0,NOUN,0,mincí,0,,
,0,0,0,PRON,0,nám,0,,
,0,0,0,CCONJ,0,však,0,,
,0,0,0,PART,0,přece,0,,
,0,0,0,PART,0,jen,0,,
,0,0,0,NOUN,0,ekvivalent,0,,
,0,0,0,DET,0,těchto,0,,
,0,0,0,NOUN,0,investic,0,,
,0,0,0,ADP,0,v,0,,
,0,0,0,ADJ,0,českých,0,,
,0,0,0,NOUN,0,zemích,0,,
,0,0,0,VERB,0,chybí,0,,
,0,0,0,PUNCT,0,.,0,,
,0,0,0,ADV,0,Už,0,,
,0,0,0,ADV,0,dost,0,,
,1,1,0,ADP,0,na,0,,
,0,0,0,DET,0,tom,0,,
,0,0,0,PUNCT,0,",",0,,
,0,0,0,SCONJ,0,že,0,,
,0,0,0,SCONJ,0,jako,0,,
,0,0,0,NOUN,0,hypertonik,0,,
,0,0,0,VERB,0,musí,0,,
,0,0,0,VERB,0,topit,0,,
,0,0,0,ADP,0,ve,0,,
,0,0,0,NOUN,0,skleníku,0,,
,0,0,0,PUNCT,0,.,0,,
,0,1,0,ADP,1,Podle,1,,
,0,0,0,ADJ,0,córdobského,0,,
,0,0,0,NOUN,0,cestovatele,0,,
,0,0,0,AUX,0,byl,0,,
,1,1,0,NOUN,0,poměr,0,,
,0,0,0,DET,0,oněch,0,,
,0,0,1,NOUN,1,šátečků,1,0,n
,0,1,0,ADP,1,k,1,,
,0,0,0,NOUN,0,minci,0,,
,0,0,0,ADJ,0,ustálen,0,,
,0,0,0,CCONJ,0,a,0,,
,0,0,0,DET,0,tento,0,,
,0,0,0,ADV,0,všeobecně,0,,
,0,0,0,ADJ,0,známý,0,,
,0,0,0,NOUN,0,poměr,0,,
,0,0,1,VERB,1,sloužil,1,1,c
,0,1,0,ADP,1,k,1,,
,0,0,1,ADJ,1,rychlému,1,1,x
,0,0,0,NOUN,0,přepočtu,0,,
,0,0,0,NOUN,0,cen,0,,
,0,0,0,ADJ,0,jednotlivých,0,,
,0,0,0,NOUN,0,druhů,0,,
,0,0,0,NOUN,0,zboží,0,,
,0,1,0,ADP,1,v,1,,
,0,0,0,ADJ,0,libovolné,0,,
,0,0,1,NOUN,1,podobě,1,0,c
,0,0,0,NOUN,0,oběživa,0,,
,0,0,0,PUNCT,0,.,0,,
,0,0,0,DET,0,Jejich,0,,
,0,0,0,NOUN,0,právo,0,,
,0,0,0,VERB,0,musíme,0,,
,1,1,0,VERB,0,ctít,0,,
,0,0,0,PUNCT,0,.,0,,
,0,0,0,SCONJ,0,Jako,0,,
,0,0,0,CCONJ,0,a,0,,
,0,0,0,X,0,eee,0,,
,0,0,0,X,0,natahnút,0,,
,0,0,0,ADP,0,na,0,,
,0,0,0,PRON,0,neco,0,,
,0,0,0,ADJ,0,vlhký,0,,
,0,0,0,PUNCT,0,.,0,,
,0,0,0,_,0,aby,0,,
,0,0,0,VERB,0,uschl,0,,
,0,0,0,ADJ,0,roztahlý,0,,
,0,0,0,PUNCT,0,.,0,,
,0,0,0,PRON,0,Já,0,,
,0,0,0,AUX,0,jsem,0,,
,0,0,0,PRON,0,si,0,,
,0,0,0,ADV,0,střídavě,0,,
,0,0,0,VERB,0,četla,0,,
,0,0,0,NOUN,0,Bibli,0,,
,0,0,0,CCONJ,0,a,0,,
,0,0,0,NOUN,0,deník,0,,
,0,0,0,PROPN,0,Václava,0,,
,0,0,0,PROPN,0,Antonína,0,,
,0,0,0,PUNCT,0,-,0,,
,0,0,0,DET,0,toho,0,,
,0,0,0,PUNCT,0,",",0,,
,0,0,0,DET,0,který,0,,
,0,0,0,VERB,0,zajal,0,,
,0,0,0,NOUN,0,harém,0,,
,0,0,0,CCONJ,0,a,0,,
,0,0,0,VERB,0,přivezl,0,,
,0,0,0,PRON,0,si,0,,
,0,0,0,PRON,0,jej,0,,
,0,0,0,ADP,0,na,0,,
,0,0,0,PROPN,0,Kostku,0,,
,0,0,0,PUNCT,0,",",0,,
,0,0,0,SCONJ,0,aniž,0,,
,0,0,0,AUX,0,by,0,,
,0,0,0,PRON,0,mu,0,,
,0,1,0,VERB,1,překáželo,1,0,n
,0,0,0,PUNCT,0,",",0,,
,0,0,0,SCONJ,0,že,0,,
,0,0,0,AUX,0,je,0,,
,0,0,0,ADJ,0,ženatý,0,,
,0,0,0,PUNCT,0,.,0,,
,0,0,0,CCONJ,0,enomže,0,,
,0,0,0,ADV,0,sem,0,,
,0,0,0,PUNCT,0,",",0,,
,0,0,0,VERB,0,jezdila,0,,
,0,0,0,ADP,0,do,0,,
,0,0,0,DET,0,toho,0,,
,0,0,0,PROPN,0,Kyjova,0,,
,0,0,0,PUNCT,0,",",0,,
,0,0,0,ADV,0,pracovně,0,,
,0,0,0,PUNCT,0,.,0,,
,0,0,0,NOUN,0,Nábřeží,0,,
,0,0,0,AUX,0,bylo,0,,
,0,0,0,ADV,0,mizerně,0,,
,0,0,0,ADJ,0,osvětlené,0,,
,0,0,0,CCONJ,0,a,0,,
,0,0,0,PROPN,0,Oskar,0,,
,0,0,0,PRON,0,se,0,,
,0,0,0,VERB,0,bál,0,,
,0,0,0,PUNCT,0,",",0,,
,0,0,0,_,0,aby,0,,
,0,0,0,NOUN,0,syn,0,,
,0,0,0,VERB,0,nespadl,0,,
,0,0,0,ADP,0,do,0,,
,0,0,0,NOUN,0,vody,0,,
,0,0,0,PUNCT,0,.,0,,
,0,0,0,PART,0,Například,0,,
,0,0,0,AUX,0,je,0,,
,0,0,0,ADV,0,určitě,0,,
,0,0,0,ADV,0,zapotřebí,0,,
,0,1,0,VERB,1,uvítat,1,1,n
,0,0,0,NOUN,0,myšlenku,0,,
,0,1,0,VERB,1,otevřít,1,1,c
,0,0,0,NOUN,0,delegaci,0,,
,0,0,0,PROPN,0,EU,0,,
,1,1,0,ADP,0,se,0,,
,0,0,0,ADJ,0,zvláštním,0,,
,0,0,0,NOUN,0,statusem,0,,
,0,0,0,PUNCT,0,",",0,,
,0,0,0,SCONJ,0,dokud,0,,
,0,0,0,AUX,0,nebude,0,,
,0,0,0,ADV,0,skutečně,0,,
,0,1,0,ADJ,1,vyhlášena,1,1,c
,0,0,0,NOUN,0,nezávislost,0,,
,0,0,0,PUNCT,0,.,0,,
,0,0,0,ADP,0,Z,0,,
,0,0,0,NOUN,0,místa,0,,
,0,0,0,ADP,0,na,0,,
,0,0,0,NOUN,0,místo,0,,
,0,0,0,PRON,0,se,0,,
,0,0,0,VERB,0,přemísťují,0,,
,0,0,0,ADJ,0,originálním,0,,
,0,0,0,NOUN,0,způsobem,0,,
,0,0,0,PUNCT,0,",",0,,
,1,1,0,ADP,0,při,0,,
,0,0,0,PRON,0,němž,0,,
,0,0,0,ADP,0,místo,0,,
,0,0,0,NOUN,0,nohou,0,,
,0,0,0,VERB,0,používají,0,,
,0,0,0,NOUN,0,paže,0,,
,0,0,0,PUNCT,0,.,0,,
,0,0,0,CCONJ,0,Ale,0,,
,0,0,1,NOUN,1,výkony,1,0,c
,0,0,0,DET,0,některých,0,,
,0,0,0,NOUN,0,druhů,0,,
,0,0,0,ADV,0,už,0,,
,0,0,0,VERB,0,hraničí,0,,
,0,1,0,ADP,1,se,1,,
,0,0,0,ADJ,0,vzdušnou,0,,
,0,0,0,NOUN,0,akrobacií,0,,
,0,0,0,PUNCT,0,",",0,,
,0,1,0,ADP,1,v,1,,
,0,0,0,PRON,0,níž,0,,
,0,0,0,AUX,0,jsou,0,,
,0,0,0,ADV,0,jednoznačně,0,,
,0,0,0,ADJ,0,nejlepší,0,,
,0,0,0,NOUN,0,giboni,0,,
,0,0,0,PUNCT,0,(,0,,
,1,1,0,NOUN,0,čeleď,0,,
,0,0,0,X,0,Hylobatidae,0,,
,0,0,0,PUNCT,0,),0,,
,0,0,0,PUNCT,0,.,0,,
,0,0,0,VERB,0,Přál,0,,
,0,0,0,AUX,0,bych,0,,
,0,0,0,PRON,0,si,0,,
,0,0,0,PUNCT,0,",",0,,
,0,0,0,_,0,abychom,0,,
,0,0,1,VERB,1,přehodnotili,1,1,c
,0,0,0,DET,0,naši,0,,
,0,0,0,NOUN,0,politiku,0,,
,0,0,0,PUNCT,0,",",0,,
,0,0,0,DET,0,která,0,,
,0,0,0,PRON,0,se,0,,
,0,0,1,PART,1,až,1,,
,0,0,0,ADV,0,dosud,0,,
,0,0,1,VERB,1,vyznačovala,1,0,c
,0,0,0,DET,0,tím,0,,
,0,0,0,PUNCT,0,",",0,,
,0,0,0,SCONJ,0,že,0,,
,0,0,0,AUX,0,jsme,0,,
,0,0,0,VERB,0,neuznávali,0,,
,0,0,0,NOUN,0,úsilí,0,,
,0,0,0,NOUN,0,obyvatel,0,,
,0,0,0,ADJ,0,Somálijské,0,,
,0,0,0,NOUN,0,republiky,0,,
,0,0,0,PUNCT,0,",",0,,
,0,0,0,DET,0,kteří,0,,
,1,1,0,ADP,0,v,0,,
,0,0,0,DET,0,této,0,,
,0,0,0,NOUN,0,oblasti,0,,
,0,0,0,VERB,0,vytvořili,0,,
,0,0,0,ADJ,0,nezávislý,0,,
,0,0,0,CCONJ,0,a,0,,
,0,0,0,ADJ,0,demokratický,0,,
,0,0,0,ADJ,0,muslimský,0,,
,0,0,0,NOUN,0,stát,0,,
,0,0,0,PUNCT,0,",",0,,
,0,1,0,ADP,1,k,1,,
,0,0,0,PRON,0,němuž,0,,
,0,0,0,PRON,0,se,0,,
,0,0,0,CCONJ,0,však,0,,
,1,1,0,VERB,0,chováme,0,,
,0,0,0,PUNCT,0,",",0,,
,0,0,0,SCONJ,0,jako,0,,
,0,0,0,AUX,0,by,0,,
,0,0,1,VERB,1,neexistoval,1,1,x
,0,0,0,PUNCT,0,.,0,,
,0,0,0,ADP,0,Kromě,0,,
,0,0,0,DET,0,těchto,0,,
,0,0,0,ADJ,0,různých,0,,
,0,0,1,NOUN,1,podob,1,0,c
,0,0,0,NOUN,0,oběživa,0,,
,0,0,0,PRON,0,se,0,,
,0,1,0,ADP,1,u,1,,
,0,0,0,PRON,0,nás,0,,
,0,0,0,PART,0,ovšem,0,,
,0,0,0,VERB,0,nakupovalo,0,,
,0,0,0,CCONJ,0,i,0,,
,0,1,0,ADP,1,za,1,,
,0,0,0,ADJ,0,stříbrnou,0,,
,0,0,0,NOUN,0,minci,0,,
,0,0,0,ADJ,0,západní,0,,
,0,0,0,PUNCT,0,",",0,,
,0,0,0,ADJ,0,karlovské,0,,
,0,0,0,ADJ,0,váhové,0,,
,0,0,0,NOUN,0,soustavy,0,,
,0,0,0,PUNCT,0,.,0,,
,0,0,0,SCONJ,0,že,0,,
,0,0,0,DET,0,to,0,,
,0,0,0,DET,0,to,0,,
,0,0,0,AUX,0,bys,0,,
,0,0,0,PUNCT,0,.,0,,
,0,1,0,ADP,1,Z,1,,
,0,0,0,DET,0,jeho,0,,
,0,0,0,NOUN,0,zprávy,0,,
,0,0,0,PRON,0,se,0,,
,0,0,0,VERB,0,zachoval,0,,
,0,0,0,NOUN,0,úryvek,0,,
,0,0,0,PUNCT,0,",",0,,
,0,0,0,DET,0,který,0,,
,0,0,1,VERB,1,popisuje,1,0,c
,0,0,0,PUNCT,0,",",0,,
,0,0,0,SCONJ,0,jak,0,,
,0,0,0,ADJ,0,čeští,0,,
,0,0,0,PROPN,0,Slované,0,,
,0,0,0,VERB,0,užívají,0,,
,0,1,0,ADP,1,při,1,,
,0,0,0,NOUN,0,obchodu,0,,
,0,0,0,ADJ,0,zvláštních,0,,
,0,0,0,ADJ,0,textilních,0,,
,0,0,0,NOUN,0,výrobků,0,,
,0,0,0,ADJ,0,standardní,0,,
,0,0,0,NOUN,0,velikosti,0,,
,0,0,0,PUNCT,0,",",0,,
,0,0,0,ADJ,0,tkaných,0,,
,0,0,0,ADV,0,tak,0,,
,0,0,0,ADV,0,řídce,0,,
,0,0,0,PUNCT,0,",",0,,
,0,0,0,SCONJ,0,že,0,,
c,1,1,0,PRON,0,se,0,,
c,1,1,0,VERB,0,nehodí,0,,
,0,1,0,ADP,1,v,1,,
,1,1,0,NOUN,0,praxi,0,,
,0,1,0,ADP,1,k,1,,
,0,0,0,PRON,0,ničemu,0,,
,0,0,0,ADJ,0,jinému,0,,
,0,0,0,SCONJ,0,než,0,,
,0,0,1,ADV,1,právě,1,,
,0,1,0,ADP,1,ke,1,,
,0,0,0,NOUN,0,směňování,0,,
,0,0,0,PUNCT,0,.,0,,
,0,0,0,ADJ,0,Jižní,0,,
,0,0,0,PROPN,0,Súdán,0,,
,0,0,0,AUX,0,je,0,,
,0,0,0,ADV,0,stále,0,,
,0,0,0,ADJ,0,nejchudší,0,,
,0,0,0,NOUN,0,zemí,0,,
,0,0,0,ADP,0,v,0,,
,0,0,0,PROPN,0,Africe,0,,
,0,0,0,PUNCT,0,",",0,,
,0,0,0,CCONJ,0,a,0,,
,0,0,0,PART,0,to,0,,
,0,0,0,CCONJ,0,i,0,,
,0,0,0,ADP,0,navzdory,0,,
,0,0,0,DET,0,tomu,0,,
,0,0,0,PUNCT,0,",",0,,
,0,0,0,SCONJ,0,že,0,,
,0,1,0,ADP,1,v,1,,
,0,0,0,ADJ,0,posledních,0,,
,0,0,0,NUM,0,pěti,0,,
,0,0,0,NOUN,0,letech,0,,
,0,0,1,VERB,1,mohl,1,1,x
,0,0,1,VERB,1,využívat,1,0,x
,0,0,1,NOUN,1,přístupu,1,1,x
,0,1,0,ADP,1,k,1,,
,0,0,0,NOUN,0,polovině,0,,
,0,0,0,ADJ,0,ropných,0,,
,0,0,0,NOUN,0,zdrojů,0,,
,0,0,0,ADJ,0,celého,0,,
,0,0,0,PROPN,0,Súdánu,0,,
,0,0,0,PUNCT,0,.,0,,
,0,0,0,SCONJ,0,jako,0,,
,0,0,0,PRON,0,ona,0,,
,0,0,0,VERB,0,zkouší,0,,
,0,0,0,PART,0,no,0,,
,0,0,0,PUNCT,0,.,0,,
,0,0,0,CCONJ,0,ale,0,,
,0,0,0,VERB,0,má,0,,
,0,0,0,ADV,0,doma,0,,
,0,0,0,DET,0,ňáký,0,,
,0,0,0,ADJ,0,oranžový,0,,
,0,0,0,CCONJ,0,ale,0,,
,0,0,0,ADV,0,mmm,0,,
,0,0,0,PART,0,ne,0,,
,0,0,0,NOUN,0,šatičky,0,,
,0,0,0,SCONJ,0,jako,0,,
,0,0,0,VERB,0,má,0,,
,0,0,0,ADV,0,enom,0,,
,0,0,0,DET,0,ňáké,0,,
,0,0,0,NOUN,0,tričko,0,,
,0,0,0,PUNCT,0,.,0,,
,0,0,0,ADV,0,tam,0,,
,0,0,0,AUX,0,je,0,,
,0,0,0,CCONJ,0,totiž,0,,
,0,0,0,ADJ,0,pracovní,0,,
,0,0,0,NOUN,0,doba,0,,
,0,1,0,ADP,1,od,1,,
,0,0,0,NUM,0,osmi,0,,
,0,1,0,ADP,1,do,1,,
,0,0,0,NUM,0,čtyřech,0,,
,0,0,0,PUNCT,0,",",0,,
,0,1,0,ADJ,1,otevřené,1,1,c
,0,0,0,AUX,0,je,0,,
,0,0,0,ADV,0,tam,0,,
,0,1,0,ADP,1,od,1,,
,0,0,0,NUM,0,osmi,0,,
,0,1,0,ADP,1,do,1,,
,0,0,0,NUM,0,čtyř,0,,
,0,0,0,PUNCT,0,.,0,,
,0,0,0,ADJ,0,Příští,0,,
,0,0,0,NOUN,0,rok,0,,
,0,0,0,ADV,0,možná,0,,
,0,0,0,ADV,0,už,0,,
,0,0,0,ADJ,0,devátého,0,,
,0,0,0,PUNCT,0,…,0,,
,0,1,0,VERB,1,Vidím,1,1,c
,0,0,1,ADV,1,zde,1,,
,0,1,0,ADP,1,do,1,,
,0,1,0,NOUN,1,očí,1,0,c
,0,1,0,ADJ,1,bijící,1,0,c
,1,1,0,NOUN,0,zaostalost,0,,
,0,0,0,PUNCT,0,",",0,,
,0,0,0,DET,0,která,0,,
,0,0,0,AUX,0,byla,0,,
,0,0,0,ADV,0,dosud,0,,
,0,0,0,ADJ,0,dána,0,,
,0,0,0,NOUN,0,přehlížením,0,,
,0,0,0,CCONJ,0,a,0,,
,0,0,0,NOUN,0,nezájmem,0,,
,0,0,1,ADP,1,ze,1,,
,0,0,1,NOUN,1,strany,1,0,c
,0,0,0,PROPN,0,Chartúmu,0,,
,0,0,0,PUNCT,0,.,0,,
,0,0,0,VERB,0,Doufejme,0,,
,0,0,0,PUNCT,0,",",0,,
,0,0,0,SCONJ,0,že,0,,
,0,0,0,PRON,0,nás,0,,
,0,1,0,VERB,1,nezaslepí,1,1,c
,0,0,0,NOUN,0,chamtivost,0,,
,0,0,0,CCONJ,0,a,0,,
,0,0,0,SCONJ,0,že,0,,
,0,0,0,DET,0,naše,0,,
,0,0,0,NOUN,0,touha,0,,
,0,0,0,VERB,0,pomáhat,0,,
,0,0,0,VERB,0,postačí,0,,
,0,0,0,ADV,0,nejen,0,,
,0,1,0,ADP,1,na,1,,
,0,0,0,DET,0,to,0,,
,0,0,0,PUNCT,0,",",0,,
,0,0,0,_,0,abychom,0,,
,0,0,0,VERB,0,poskytovali,0,,
,0,0,0,ADJ,0,finanční,0,,
,0,0,0,NOUN,0,prostředky,0,,
,0,1,0,ADP,1,na,1,,
,0,1,0,NOUN,1,budování,1,1,c
,0,0,0,NOUN,0,státu,0,,
,0,0,0,PUNCT,0,",",0,,
,0,0,0,CCONJ,0,ale,0,,
,0,1,0,VERB,1,dovolí,1,1,c
,0,0,0,PRON,0,nám,0,,
,0,0,0,ADV,0,také,0,,
,0,0,0,VERB,0,realizovat,0,,
,0,0,0,NOUN,0,programy,0,,
,0,0,0,PUNCT,0,",",0,,
,0,1,0,ADP,1,z,1,,
,0,0,0,PRON,0,nichž,0,,
,0,0,0,AUX,0,bude,0,,
c,1,1,0,VERB,1,mít,0,0,c
,0,0,0,NOUN,0,prospěch,0,,
,0,0,0,NOUN,0,společnost,0,,
,0,0,0,PUNCT,0,.,0,,
,0,0,0,SCONJ,0,jako,0,,
,0,0,0,PUNCT,0,.,0,,
,0,1,0,ADP,1,Od,1,,
,0,0,0,NOUN,0,rozvodu,0,,
,0,0,0,PRON,0,si,0,,
,0,0,0,ADJ,0,vánoční,0,,
,0,0,0,NOUN,0,stromek,0,,
,0,0,0,VERB,0,nekoupil,0,,
,0,0,0,PART,0,ani,0,,
,0,0,0,ADV,0,jedenkrát,0,,
,0,0,0,PUNCT,0,",",0,,
,0,0,0,CCONJ,0,ale,0,,
,0,0,0,ADV,0,nyní,0,,
,0,0,0,PRON,0,ho,0,,
,0,0,0,ADJ,0,vypité,0,,
,0,0,0,NOUN,0,víno,0,,
,0,0,0,CCONJ,0,a,0,,
,0,0,0,ADV,0,možná,0,,
,0,0,0,CCONJ,0,i,0,,
,0,0,0,DET,0,jakýsi,0,,
,0,0,0,ADJ,0,neurčitý,0,,
,0,0,0,ADJ,0,chvilkový,0,,
,0,0,0,NOUN,0,sentiment,0,,
,0,0,0,VERB,0,přiměly,0,,
,0,0,1,VERB,1,udělat,1,1,c
,0,0,0,NOUN,0,výjimku,0,,
,0,0,0,PUNCT,0,.,0,,
,0,0,0,ADP,0,V,0,,
,0,0,0,DET,0,jeho,0,,
,0,0,0,NOUN,0,očích,0,,
,0,0,0,AUX,0,byly,0,,
,0,0,0,NOUN,0,slzy,0,,
,0,0,0,PUNCT,0,.,0,,
,0,0,0,ADJ,0,Další,0,,
,0,0,0,NOUN,0,problém,0,,
,0,0,1,VERB,1,spočívá,1,0,c
,0,1,0,ADP,1,v,1,,
,0,0,0,DET,0,tom,0,,
,0,0,0,PUNCT,0,",",0,,
,0,0,0,SCONJ,0,že,0,,
,0,0,0,ADJ,0,jižní,0,,
,0,0,0,NOUN,0,část,0,,
,0,0,0,NOUN,0,země,0,,
,0,1,0,ADP,1,v,1,,
,0,0,0,NOUN,0,současnosti,0,,
,0,1,0,VERB,1,sjednocuje,1,1,c
,1,1,0,NOUN,0,odpor,0,,
,0,1,0,ADP,1,k,1,,
,0,0,0,ADJ,0,muslimskému,0,,
,0,0,0,NOUN,0,severu,0,,
,0,0,0,PUNCT,0,.,0,,
,0,0,1,VERB,1,Dokáže,1,1,x
,0,0,0,ADV,0,přitom,0,,
,0,1,0,VERB,1,vyvinout,1,1,c
,0,0,0,NOUN,0,rychlost,0,,
,0,0,0,PART,0,až,0,,
,0,0,0,NUM,0,55,0,,
,0,0,0,NOUN,0,km,0,,
,0,0,0,PUNCT,0,/,0,,
,0,0,0,NOUN,0,hod,0,,
,0,0,0,PUNCT,0,.,0,,
,0,0,0,NOUN,0,Posilování,0,,
,0,0,0,ADP,0,s,0,,
,0,0,0,NOUN,0,kamenem,0,,
,0,0,0,PUNCT,0,.,0,,
,0,0,0,PRON,0,já,0,,
,0,0,0,ADV,0,sem,0,,
,0,0,0,PRON,0,ti,0,,
,0,0,0,VERB,0,kúpila,0,,
,0,0,0,DET,0,takový,0,,
,0,0,0,ADJ,0,oranžový,0,,
,0,0,0,NOUN,0,nátělníček,0,,
,0,0,0,CCONJ,0,a,0,,
,0,0,0,PUNCT,0,.,0,,
,0,0,0,PRON,0,ona,0,,
,0,0,0,VERB,0,říká,0,,
,0,0,0,PUNCT,0,",",0,,
,0,0,0,PRON,0,já,0,,
,0,0,0,ADV,0,sem,0,,
,0,0,0,PRON,0,si,0,,
,0,1,0,ADP,1,na,1,,
,0,0,0,DET,0,to,0,,
,0,0,0,ADV,0,akorát,0,,
,0,0,0,VERB,0,myslela,0,,
,0,0,0,PUNCT,0,.,0,,
,0,0,0,NOUN,0,Sprintem,0,,
,0,1,0,ADP,1,do,1,,
,0,0,0,NOUN,0,bezpečí,0,,
,0,0,0,PUNCT,0,.,0,,
,0,0,0,NOUN,0,Popisy,0,,
,0,0,0,DET,0,jeho,0,,
,0,0,0,ADJ,0,sexuálních,0,,
,0,0,0,NOUN,0,praktik,0,,
,0,0,0,AUX,0,jsou,0,,
,0,0,1,ADJ,1,doprovázeny,1,1,n
,0,0,0,NOUN,0,kresbami,0,,
,0,0,0,PUNCT,0,",",0,,
,0,0,0,SCONJ,0,takže,0,,
,0,0,0,DET,0,to,0,,
,0,0,0,VERB,0,vypadá,0,,
,0,0,0,SCONJ,0,jako,0,,
,0,0,0,ADJ,0,pornografický,0,,
,0,0,0,NOUN,0,komiks,0,,
,0,0,0,PUNCT,0,.,0,,
,0,0,0,ADP,0,V,0,,
,0,0,0,NOUN,0,savanách,0,,
,0,0,0,ADJ,0,subsaharské,0,,
,0,0,0,PROPN,0,Afriky,0,,
,0,0,1,VERB,1,žije,1,0,c
,0,0,0,NOUN,0,kočkodan,0,,
,0,0,0,PUNCT,0,",",0,,
,0,0,0,DET,0,který,0,,
,0,0,0,ADP,0,díky,0,,
,0,0,0,DET,0,svému,0,,
,0,0,0,PUNCT,0,„,0,,
,0,0,1,NOUN,1,kníru,1,1,n
,0,0,0,PUNCT,0,“,0,,
,0,0,0,VERB,0,dostal,0,,
,0,0,0,NOUN,0,jméno,0,,
,0,0,0,ADJ,0,husarský,0,,
,0,0,0,PUNCT,0,(,0,,
,0,0,0,X,0,Erythrocebus,0,,
,0,0,0,X,0,patas,0,,
,0,0,0,PUNCT,0,),0,,
,0,0,0,PUNCT,0,.,0,,
,0,0,0,PRON,0,Jemu,0,,
,0,0,0,AUX,0,je,0,,
,0,0,0,DET,0,to,0,,
,0,0,1,NUM,1,jedno,1,0,c
,0,0,0,PUNCT,0,.,0,,
,0,0,0,ADV,0,Přesto,0,,
,0,0,0,VERB,0,závisí,0,,
,1,1,0,NOUN,0,pokrok,0,,
,0,1,0,ADP,1,v,1,,
,0,0,0,NOUN,0,procesu,0,,
,0,1,0,NOUN,1,přistoupení,1,0,c
,0,1,0,ADP,1,v,1,,
,0,0,0,ADJ,0,podstatné,0,,
,1,1,0,NOUN,0,míře,0,,
,0,0,0,CCONJ,0,a,0,,
,0,0,0,ADV,0,především,0,,
,0,1,0,ADP,1,na,1,,
,0,1,0,NOUN,1,chování,1,1,c
,0,0,0,PROPN,0,Turecka,0,,
,0,0,0,PUNCT,0,.,0,,
,0,0,0,ADV,0,Potom,0,,
,0,0,0,VERB,0,šli,0,,
,0,0,0,ADP,0,k,0,,
,0,0,0,PROPN,0,Vltavě,0,,
,0,0,0,PUNCT,0,",",0,,
,0,0,0,_,0,aby,0,,
,0,0,0,PRON,0,ho,0,,
,0,0,0,VERB,0,pustili,0,,
,0,1,0,ADP,1,na,1,,
,0,0,0,NOUN,0,svobodu,0,,
,0,0,0,PUNCT,0,-,0,,
,0,0,0,DET,0,tuhle,0,,
,0,0,0,ADJ,0,sentimentální,0,,
,0,0,0,NOUN,0,kravinu,0,,
,0,0,0,VERB,0,podstupoval,0,,
,0,0,0,PROPN,0,Oskar,0,,
,0,0,0,ADV,0,obzvláště,0,,
,0,0,0,ADJ,0,nerad,0,,
,0,0,0,PUNCT,0,",",0,,
,0,0,0,CCONJ,0,ale,0,,
,0,0,0,ADP,0,kvůli,0,,
,0,0,0,NOUN,0,synovi,0,,
,0,0,0,PRON,0,se,0,,
,0,0,0,DET,0,každý,0,,
,0,0,0,NOUN,0,rok,0,,
,0,0,0,ADV,0,nakonec,0,,
,0,0,0,ADV,0,vždycky,0,,
,0,1,0,VERB,1,přemohl,1,0,c
,0,0,0,PUNCT,0,.,0,,
,0,0,0,SCONJ,0,Takže,0,,
,0,0,0,ADV,0,letos,0,,
,0,0,0,AUX,0,bude,0,,
,0,0,0,ADJ,0,Štědrý,0,,
,0,0,0,NOUN,0,den,0,,
,0,0,0,ADV,0,už,0,,
,0,0,0,ADJ,0,osmnáctého,0,,
,0,0,0,PUNCT,0,.,0,,
,0,0,0,NOUN,0,Syn,0,,
,0,0,0,PRON,0,se,0,,
,0,0,0,VERB,0,rozesmál,0,,
,0,0,0,PUNCT,0,",",0,,
,0,0,0,CCONJ,0,ale,0,,
,0,0,0,ADV,0,potom,0,,
,0,0,0,ADV,0,už,0,,
,1,1,0,ADP,0,ze,0,,
,0,0,0,PRON,0,sebe,0,,
,0,0,0,NOUN,0,smích,0,,
,0,0,0,ADV,0,křečovitě,0,,
,0,0,0,VERB,0,nutil,0,,
,0,0,0,PUNCT,0,",",0,,
,0,0,0,PRON,0,což,0,,
,0,0,0,AUX,0,byla,0,,
,0,0,0,NUM,0,jedna,0,,
,1,1,0,ADP,0,z,0,,
,1,1,0,NOUN,0,věcí,0,,
,0,0,0,PUNCT,0,",",0,,
,0,0,0,DET,0,které,0,,
,0,1,0,VERB,1,šly,1,0,c
,0,0,0,ADJ,0,Oskarovy,0,,
,0,0,0,ADV,0,odjakživa,0,,
,0,1,0,ADP,1,na,1,,
,0,1,0,NOUN,1,nervy,1,1,c
,0,0,0,PUNCT,0,.,0,,
,0,0,0,PART,0,jo,0,,
,0,0,0,PART,0,no,0,,
,0,0,0,PRON,0,on,0,,
,0,0,0,AUX,0,je,0,,
,0,0,0,ADV,0,trošku,0,,
,0,0,0,PUNCT,0,",",0,,
,0,0,0,ADV,0,možná,0,,
,0,0,0,AUX,0,by,0,,
,0,0,0,PRON,0,ho,0,,
,0,0,0,VERB,0,chtělo,0,,
,0,0,0,ADV,0,trošku,0,,
c,1,1,0,VERB,0,namočit,0,,
,0,0,0,PUNCT,0,.,0,,
,0,0,0,DET,0,To,0,,
,0,0,0,ADV,0,zdaleka,0,,
,0,0,0,AUX,0,není,0,,
,0,0,0,NUM,0,1,0,,
,0,0,0,CCONJ,0,a,0,,
,0,0,0,PRON,0,nikdo,0,,
,0,0,0,ADV,0,zatím,0,,
,0,0,0,VERB,0,neví,0,,
,0,0,0,PUNCT,0,",",0,,
,0,0,0,SCONJ,0,zda,0,,
,0,0,0,AUX,0,bude,0,,
,0,0,0,NOUN,0,země,0,,
,0,1,0,ADP,1,v,1,,
,0,1,0,NOUN,1,souladu,1,1,c
,0,1,0,ADP,1,s,1,,
,0,0,0,NOUN,0,vůlí,0,,
,0,0,0,NOUN,0,obyvatelstva,0,,
,0,0,0,NOUN,0,jihu,0,,
,0,0,0,ADJ,0,rozdělena,0,,
,0,0,0,PUNCT,0,.,0,,
,0,0,0,PROPN,0,Malpa,0,,
,0,0,0,PRON,0,si,0,,
,0,0,0,NOUN,0,ořech,0,,
,0,0,0,VERB,0,položí,0,,
,0,0,0,ADP,0,na,0,,
,0,0,0,ADJ,0,vystouplý,0,,
,0,0,0,NOUN,0,kořen,0,,
,0,0,0,PUNCT,0,",",0,,
,0,0,0,ADP,0,nad,0,,
,0,0,0,NOUN,0,hlavu,0,,
,0,0,0,VERB,0,zvedne,0,,
,0,0,0,ADV,0,co,0,,
,0,0,0,ADJ,0,nejtěžší,0,,
,0,0,0,NOUN,0,kámen,0,,
,0,0,0,CCONJ,0,a,0,,
,0,0,0,DET,0,jeho,0,,
,0,0,0,NOUN,0,vahou,0,,
,0,0,0,NOUN,0,skořápku,0,,
,0,0,0,VERB,0,rozbije,0,,
,0,0,0,PUNCT,0,.,0,,
,0,0,0,PUNCT,0,„,0,,
,0,1,0,ADP,1,Za,1,,
,0,0,0,NOUN,0,chvíli,0,,
,0,0,0,PRON,0,se,0,,
,0,0,0,VERB,0,vzpamatuje,0,,
,0,0,0,PUNCT,0,.,0,,
,0,0,0,NOUN,0,Otec,0,,
,0,0,0,CCONJ,0,tedy,0,,
,0,0,0,VERB,0,uprosil,0,,
,0,0,0,NOUN,0,muže,0,,
,0,1,0,ADP,1,od,1,,
,0,0,0,ADJ,0,elektrárenské,0,,
,0,0,0,NOUN,0,společnosti,0,,
,0,0,0,PUNCT,0,",",0,,
,0,0,0,_,0,aby,0,,
,0,0,0,PRON,0,nám,0,,
,0,0,0,NOUN,0,elektřinu,0,,
,0,0,0,VERB,0,neodpojovali,0,,
,0,0,0,PUNCT,0,",",0,,
,0,0,0,VERB,0,oblekl,0,,
,0,0,0,PRON,0,si,0,,
,0,0,0,NOUN,0,blejzr,0,,
,0,0,0,CCONJ,0,a,0,,
,0,0,0,VERB,0,odjel,0,,
,0,0,0,ADP,0,s,0,,
,0,0,0,PRON,0,nimi,0,,
,0,0,0,ADP,0,na,0,,
,0,0,0,NOUN,0,ředitelství,0,,
,0,0,0,PUNCT,0,.,0,,
,0,0,0,ADV,0,Odpoledne,0,,
,0,0,0,AUX,0,jsem,0,,
,0,0,0,ADP,0,s,0,,
,0,0,0,NOUN,0,paní,0,,
,0,0,0,PROPN,0,Tichou,0,,
,0,0,0,VERB,0,vysávala,0,,
,0,0,0,ADJ,0,Himmlerovo,0,,
,0,0,0,NOUN,0,apartmá,0,,
,0,0,0,PUNCT,0,.,0,,
,0,0,0,SCONJ,0,takže,0,,
,0,0,0,PRON,0,já,0,,
,0,0,0,PUNCT,0,.,0,,
,0,0,1,VERB,1,vyjedu,1,0,x
,0,0,1,ADP,1,v,1,,
,0,0,0,NOUN,0,sedum,0,,
,0,0,0,PUNCT,0,",",0,,
,0,0,0,ADV,0,ráno,0,,
,0,0,0,ADP,0,z,0,,
,0,0,0,PROPN,0,Veselí,0,,
,0,0,0,PUNCT,0,.,0,,
,0,0,0,PUNCT,0,„,0,,
,0,0,0,CCONJ,0,Tak,0,,
,0,0,0,PRON,0,tě,0,,
,0,0,0,VERB,0,pic,0,,
,0,0,0,CCONJ,0,a,0,,
,0,0,0,VERB,0,děkuj,0,,
,0,0,0,NOUN,0,bohu,0,,
,0,0,0,PUNCT,0,",",0,,
,0,0,0,SCONJ,0,že,0,,
,0,0,0,AUX,0,jsme,0,,
,0,0,0,PRON,0,tě,0,,
,0,0,0,VERB,0,nesežrali,0,,
,0,0,0,PUNCT,0,",",0,,
,0,0,0,PUNCT,0,”,0,,
,1,1,0,VERB,0,doplnil,0,,
,0,0,0,PROPN,0,Oskar,0,,
,0,0,0,PUNCT,0,.,0,,
,0,0,0,VERB,0,má,0,,
,0,0,0,NOUN,0,tričko,0,,
,0,0,0,ADJ,0,oranžové,0,,
,0,0,0,DET,0,to,0,,
,0,0,0,ADV,0,vlastně,0,,
,0,0,0,VERB,0,dostala,0,,
,0,0,1,ADP,1,ode,1,,
,0,0,0,PRON,0,mě,0,,
,0,0,0,PUNCT,0,",",0,,
,0,0,0,NUM,0,jedno,0,,
,0,0,0,PUNCT,0,.,0,,
,0,0,0,PROPN,0,Josef,0,,
,0,0,0,AUX,0,by,0,,
,0,1,0,ADP,1,proti,1,,
,0,0,0,DET,0,našemu,0,,
,0,0,0,NOUN,0,přestěhování,0,,
,0,0,0,ADV,0,kupodivu,0,,
,0,0,0,PRON,0,nic,0,,
,0,0,0,VERB,0,neměl,0,,
,0,0,0,PUNCT,0,",",0,,
,0,0,0,ADV,0,jenom,0,,
,0,0,0,PRON,0,mě,0,,
,0,0,0,VERB,0,upozornil,0,,
,0,0,0,PUNCT,0,",",0,,
,0,0,0,SCONJ,0,že,0,,
,0,0,0,ADJ,0,Himmlerovo,0,,
,0,0,0,NOUN,0,apartmá,0,,
,0,0,0,AUX,0,je,0,,
,0,1,0,ADP,1,v,1,,
,0,0,0,ADJ,0,návštěvnické,0,,
,1,1,0,NOUN,0,trase,0,,
,0,0,0,PUNCT,0,",",0,,
,0,0,0,SCONJ,0,takže,0,,
,0,0,0,AUX,0,bychom,0,,
,0,0,0,PRON,0,se,0,,
,0,0,0,VERB,0,museli,0,,
,0,0,0,VERB,0,smířit,0,,
,0,1,0,ADP,1,s,1,,
,0,0,0,DET,0,tím,0,,
,0,0,0,PUNCT,0,",",0,,
,0,0,0,SCONJ,0,že,0,,
,0,0,0,PRON,0,nám,0,,
,0,0,0,ADP,0,přes,0,,
,0,0,0,NOUN,0,byt,0,,
,0,0,0,AUX,0,budou,0,,
,1,1,0,VERB,0,chodit,0,,
,0,0,1,NOUN,1,mufloni,1,1,n
,0,0,0,PUNCT,0,.,0,,
,0,1,0,ADP,1,Na,1,,
,0,0,0,DET,0,moji,0,,
,0,1,0,NOUN,1,stranu,1,1,c
,0,0,0,PRON,0,se,0,,
,0,0,0,VERB,0,přidal,0,,
,0,0,0,CCONJ,0,i,0,,
,0,0,0,ADV,0,dosud,0,,
,0,1,0,ADP,1,k,1,,
,0,0,0,PROPN,0,Josefovi,0,,
,0,0,0,ADV,0,zcela,0,,
,0,0,0,ADJ,0,loajální,0,,
,0,0,0,CCONJ,0,a,0,,
,0,0,0,ADJ,0,submisivní,0,,
,0,0,0,NOUN,0,pan,0,,
,0,0,0,PROPN,0,Spock,0,,
,0,0,0,PUNCT,0,",",0,,
,0,0,0,DET,0,který,0,,
,0,0,0,PRON,0,se,0,,
,0,0,0,VERB,0,odvážil,0,,
,0,0,0,VERB,0,namítnout,0,,
,0,0,0,PUNCT,0,",",0,,
,0,0,0,SCONJ,0,že,0,,
,0,0,0,NOUN,0,obsluha,0,,
,0,0,0,ADJ,0,kachlových,0,,
,0,0,0,NOUN,0,kamen,0,,
,1,1,0,VERB,0,čítala,0,,
,0,0,0,NUM,0,tři,0,,
,0,0,0,NOUN,0,lidi,0,,
,0,0,0,PUNCT,0,",",0,,
,0,0,0,DET,0,kteří,0,,
,0,0,0,ADJ,0,celou,0,,
,0,0,0,NOUN,0,zimu,0,,
,0,0,0,VERB,0,nedělali,0,,
,0,0,0,PRON,0,nic,0,,
,0,0,0,ADJ,0,jiného,0,,
,0,0,0,PUNCT,0,",",0,,
,0,0,0,SCONJ,0,než,0,,
,0,0,0,VERB,0,běhali,0,,
,0,0,0,ADP,0,po,0,,
,0,0,0,NOUN,0,zámku,0,,
,0,0,0,CCONJ,0,a,0,,
,0,0,1,VERB,1,přikládali,1,0,c
,0,0,0,PUNCT,0,.,0,,
,0,0,0,NOUN,0,Vědomí,0,,
,0,0,0,PUNCT,0,",",0,,
,0,0,0,SCONJ,0,že,0,,
,0,0,0,VERB,0,dělá,0,,
,0,0,0,ADJ,0,dobrý,0,,
,0,0,0,PUNCT,0,",",0,,
,0,0,0,PART,0,ne,0,,
,0,0,0,PUNCT,0,-,0,,
,0,0,0,SCONJ,0,li,0,,
,0,0,1,ADV,1,přímo,1,,
,0,0,0,ADJ,0,křesťanský,0,,
,0,0,0,NOUN,0,skutek,0,,
,0,0,0,PRON,0,mu,0,,
,0,0,0,ADV,0,dokonce,0,,
,0,0,1,VERB,1,přineslo,1,1,x
,0,0,1,ADJ,1,jisté,1,1,x
,0,0,1,ADJ,1,malé,1,1,x
,0,0,0,NOUN,0,sebeuspokojení,0,,
,0,0,0,PUNCT,0,.,0,,
,0,0,0,NOUN,0,Pane,0,,
,0,0,0,ADJ,0,předsedající,0,,
,0,0,0,PUNCT,0,",",0,,
,0,1,0,ADP,1,před,1,,
,0,0,0,NOUN,0,referendem,0,,
,0,0,0,AUX,0,jsme,0,,
,0,0,1,VERB,1,měli,1,0,c
,0,0,0,ADJ,0,velké,0,,
,0,0,0,NOUN,0,obavy,0,,
,0,1,0,ADP,1,z,1,,
,0,0,0,ADJ,0,průvodních,0,,
,0,0,0,NOUN,0,nepokojů,0,,
,0,0,0,CCONJ,0,a,0,,
,0,0,0,AUX,0,jsem,0,,
,0,0,0,ADJ,0,ráda,0,,
,0,0,0,PUNCT,0,",",0,,
,0,0,0,SCONJ,0,že,0,,
,0,0,0,NOUN,0,referendum,0,,
,0,0,1,VERB,1,proběhlo,1,0,c
,0,0,0,ADV,0,pokojně,0,,
,0,0,0,CCONJ,0,a,0,,
,0,0,0,AUX,0,bylo,0,,
,0,0,0,ADJ,0,platné,0,,
,0,0,0,PUNCT,0,.,0,,
,0,0,0,VERB,0,Musím,0,,
,0,0,0,CCONJ,0,nicméně,0,,
,0,0,0,ADV,0,také,0,,
,1,1,0,VERB,0,podotknout,0,,
,0,0,0,PUNCT,0,",",0,,
,0,0,0,SCONJ,0,že,0,,
,0,0,0,ADV,0,jen,0,,
,0,0,0,DET,0,někteří,0,,
,0,0,1,VERB,1,mají,1,0,c
,0,0,0,DET,0,to,0,,
,0,0,0,NOUN,0,štěstí,0,,
,0,0,0,PUNCT,0,",",0,,
,0,0,0,SCONJ,0,že,0,,
,0,0,1,VERB,1,dostanou,1,0,c
,0,0,0,NOUN,0,možnost,0,,
,0,0,1,VERB,1,získat,1,0,c
,0,0,0,NOUN,0,právo,0,,
,0,1,0,ADP,1,na,1,,
,0,0,0,DET,0,takovou,0,,
,0,0,0,NOUN,0,svobodu,0,,
,0,0,0,PUNCT,0,.,0,,
,0,0,0,ADJ,0,České,0,,
,0,0,0,NOUN,0,výrobky,0,,
,0,0,0,PUNCT,0,",",0,,
,0,0,0,ADV,0,především,0,,
,0,0,0,ADV,0,už,0,,
,0,0,1,ADJ,1,uvedené,1,0,c
,0,0,0,NOUN,0,suroviny,0,,
,0,0,0,CCONJ,0,a,0,,
,0,0,0,NOUN,0,polotovary,0,,
,0,0,0,PUNCT,0,(,0,,
,0,0,0,NOUN,0,vosk,0,,
,0,0,0,PUNCT,0,",",0,,
,0,0,0,NOUN,0,stříbro,0,,
,0,0,0,PUNCT,0,",",0,,
,0,0,0,PART,0,snad,0,,
,0,0,0,CCONJ,0,i,0,,
,0,0,0,ADJ,0,živý,0,,
,0,0,0,NOUN,0,dobytek,0,,
,0,0,0,PUNCT,0,),0,,
,0,0,0,VERB,0,směřovaly,0,,
,0,0,0,ADP,0,do,0,,
,0,0,0,DET,0,všech,0,,
,0,0,0,DET,0,těchto,0,,
,0,0,0,NOUN,0,končin,0,,
,0,0,0,NOUN,0,světa,0,,
,0,0,0,PUNCT,0,",",0,,
,0,0,0,ADV,0,kam,0,,
,0,0,0,PRON,0,se,0,,
,0,0,0,ADV,0,také,0,,
,0,0,0,VERB,0,dopravovali,0,,
,0,0,0,ADV,0,už,0,,
,0,0,1,ADJ,1,uvedení,1,0,c
,0,0,0,NOUN,0,otroci,0,,
,0,0,0,CCONJ,0,a,0,,
,0,0,0,NOUN,0,otrokyně,0,,
,0,0,0,PUNCT,0,.,0,,
,0,0,0,SCONJ,0,že,0,,
,0,0,0,PART,0,jo,0,,
,0,0,0,SCONJ,0,když,0,,
,0,0,0,PRON,0,se,0,,
,0,0,0,ADV,0,tak,0,,
,0,0,0,VERB,0,oblečete,0,,
,0,0,0,PUNCT,0,.,0,,
,0,0,0,ADJ,0,Celý,0,,
,0,0,0,DET,0,ten,0,,
,0,0,0,ADJ,0,desetimetrový,0,,
,0,0,0,NOUN,0,skok,0,,
,0,0,0,VERB,0,zvládne,0,,
,0,0,0,NOUN,0,odrazem,0,,
,0,0,0,ADP,0,z,0,,
,0,0,0,NOUN,0,místa,0,,
,0,0,0,PUNCT,0,!,0,,
,0,0,0,NOUN,0,Začátkem,0,,
,0,0,0,DET,0,tohoto,0,,
,0,0,0,NOUN,0,roku,0,,
,0,1,0,VERB,1,prošlo,1,1,c
,0,0,0,PROPN,0,Turecko,0,,
,0,0,0,ADV,0,velmi,0,,
,0,0,0,ADJ,0,náročným,0,,
,0,0,0,NOUN,0,obdobím,0,,
,0,0,1,ADJ,1,vážné,1,1,x
,0,0,0,ADJ,0,ústavní,0,,
,0,0,0,NOUN,0,krize,0,,
,0,0,0,CCONJ,0,a,0,,
,0,0,0,ADJ,0,politického,0,,
,0,1,0,NOUN,1,napětí,1,1,c
,0,0,0,PUNCT,0,.,0,,
,0,0,0,AUX,0,Bylo,0,,
,0,0,0,DET,0,to,0,,
,0,0,0,ADJ,0,způsobeno,0,,
,0,0,0,DET,0,tím,0,,
,0,0,0,PUNCT,0,",",0,,
,0,0,0,SCONJ,0,že,0,,
,0,0,0,ADJ,0,hlavní,0,,
,0,0,0,ADJ,0,obchodní,0,,
,0,1,0,NOUN,1,tepny,1,,
,0,0,0,PRON,0,se,0,,
,0,0,0,ADV,0,tehdy,0,,
,1,1,0,VERB,0,kryly,0,,
,1,1,0,ADP,0,se,0,,
,0,0,0,NOUN,0,směry,0,,
,0,0,0,ADJ,0,velkých,0,,
,0,0,0,NOUN,0,řek,0,,
,0,0,0,PUNCT,0,",",0,,
,0,0,0,DET,0,které,0,,
,0,0,0,ADP,0,z,0,,
,0,0,0,PROPN,0,Čech,0,,
,0,0,0,VERB,0,vytékaly,0,,
,0,0,0,CCONJ,0,nebo,0,,
,0,0,0,VERB,0,proudily,0,,
,1,1,0,ADP,0,v,0,,
,0,0,0,DET,0,jejich,0,,
,0,0,1,ADJ,1,těsné,1,,
,0,0,0,NOUN,0,blízkosti,0,,
,0,0,0,PUNCT,0,.,0,,
,0,0,0,ADV,0,Vždycky,0,,
,0,0,0,NOUN,0,pár,0,,
,0,0,0,NOUN,0,vteřin,0,,
,0,0,0,VERB,0,trvá,0,,
,0,0,0,PUNCT,0,",",0,,
,0,0,0,SCONJ,0,než,0,,
,0,0,0,PRON,0,se,0,,
,0,0,0,PRON,0,mu,0,,
,0,0,0,ADV,0,zase,0,,
,1,1,0,VERB,0,okysličí,0,,
,0,0,0,NOUN,0,krev,0,,
,0,0,0,PUNCT,0,.,0,,
,0,0,0,PUNCT,0,”,0,,
,0,0,0,PUNCT,0,„,0,,
,0,0,0,VERB,0,Přísahej,0,,
,0,0,0,PUNCT,0,",",0,,
,0,0,0,PUNCT,0,”,0,,
,0,0,0,VERB,0,žádal,0,,
,0,0,0,PRON,0,ho,0,,
,0,0,0,NOUN,0,syn,0,,
,0,0,0,PUNCT,0,.,0,,
,0,0,0,DET,0,To,0,,
,0,0,0,PRON,0,mě,0,,
,0,0,0,VERB,0,uklidnilo,0,,
,0,0,0,PUNCT,0,",",0,,
,0,0,0,SCONJ,0,protože,0,,
,0,0,0,AUX,0,jsem,0,,
,0,0,0,PRON,0,si,0,,
,0,0,0,VERB,0,myslela,0,,
,0,0,0,PUNCT,0,",",0,,
,0,0,0,SCONJ,0,že,0,,
,0,0,1,VERB,1,jde,1,0,c
,0,0,0,ADV,0,zas,0,,
,0,1,0,ADP,1,o,1,,
,0,0,0,DET,0,nějakou,0,,
,0,0,0,ADJ,0,divnou,0,,
,0,0,0,ADJ,0,rodovou,0,,
,0,0,0,NOUN,0,tradici,0,,
,0,0,0,CCONJ,0,a,0,,
,0,0,0,PRON,0,my,0,,
,0,0,0,AUX,0,budeme,0,,
,0,0,0,ADV,0,přímo,0,,
,0,0,0,ADP,0,v,0,,
,0,0,0,NOUN,0,zámku,0,,
,0,0,0,VERB,0,muset,0,,
,0,0,0,VERB,0,opatrovat,0,,
,0,0,0,NOUN,0,stádo,0,,
,0,0,0,NOUN,0,zvířat,0,,
,0,0,0,PUNCT,0,.,0,,
,0,0,0,CCONJ,0,Ale,0,,
,0,0,0,PART,0,co,0,,
,0,0,0,PUNCT,0,",",0,,
,0,0,0,VERB,0,pomyslel,0,,
,0,0,0,PRON,0,si,0,,
,0,1,0,ADP,1,v,1,,
,0,0,1,NOUN,1,duchu,1,0,c
,0,0,0,PUNCT,0,",",0,,
,0,0,0,SCONJ,0,pokud,0,,
,0,0,1,VERB,1,jde,1,0,c
,1,1,0,ADP,0,o,0,,
,0,0,0,PRON,0,něj,0,,
,0,0,0,PUNCT,0,",",0,,
,0,0,0,VERB,0,může,0,,
,0,0,0,DET,0,ty,0,,
,0,0,1,ADJ,1,podělaný,1,0,c
,0,0,0,NOUN,0,Vánoce,0,,
,0,0,0,VERB,0,slavit,0,,
,0,0,0,ADV,0,třeba,0,,
,0,1,0,ADP,1,v,1,,
,0,0,0,NOUN,0,červenci,0,,
,0,0,0,PUNCT,0,.,0,,
,0,0,1,ADV,1,Právě,1,,
,0,0,0,DET,0,tento,0,,
,0,0,0,NOUN,0,údaj,0,,
,0,0,1,VERB,1,způsobuje,1,1,c
,0,0,0,CCONJ,0,však,0,,
,0,0,0,NOUN,0,badatelům,0,,
,0,1,0,ADJ,1,jisté,1,1,c
,0,0,0,NOUN,0,rozpaky,0,,
,0,0,0,PUNCT,0,",",0,,
,0,0,0,CCONJ,0,neboť,0,,
,0,0,0,PRON,0,si,0,,
,1,1,0,VERB,0,povšimli,0,,
,0,0,0,PUNCT,0,",",0,,
,0,0,0,SCONJ,0,že,0,,
,0,0,0,_,0,kdyby,0,,
,0,0,0,PROPN,0,Ibráhímem,0,,
,0,1,0,ADJ,1,uváděné,1,0,c
,0,0,0,NOUN,0,ceny,0,,
,0,0,0,ADV,0,opravdu,0,,
,0,0,1,VERB,1,platily,1,0,c
,0,0,0,PUNCT,0,",",0,,
,0,0,0,AUX,0,bylo,0,,
,0,0,0,AUX,0,by,0,,
,0,0,0,ADP,0,v,0,,
,0,0,0,PROPN,0,Čechách,0,,
,0,0,0,ADJ,0,desátého,0,,
,0,0,0,NOUN,0,století,0,,
,0,0,0,NOUN,0,obilí,0,,
,0,0,0,ADJ,0,levnější,0,,
,0,0,0,SCONJ,0,než,0,,
,0,0,0,ADP,0,v,0,,
,0,0,0,PROPN,0,Egyptě,0,,
,0,0,0,PUNCT,0,!,0,,
,0,0,0,ADJ,0,Zadní,0,,
,0,0,0,NOUN,0,končetiny,0,,
,0,0,0,VERB,0,má,0,,
,0,0,0,ADV,0,mimořádně,0,,
,0,0,0,ADJ,0,silné,0,,
,0,0,0,PUNCT,0,",",0,,
,0,0,0,DET,0,jejich,0,,
,0,0,0,ADJ,0,mohutný,0,,
,0,0,0,NOUN,0,odraz,0,,
,0,0,0,PRON,0,ho,0,,
,0,0,0,ADV,0,snadno,0,,
,0,0,1,VERB,1,přenese,1,1,x
,0,0,0,PART,0,až,0,,
,0,1,0,ADP,1,na,1,,
,0,0,0,NOUN,0,vzdálenost,0,,
,0,0,0,NUM,0,10,0,,
,0,0,0,NOUN,0,m,0,,
,0,0,0,PUNCT,0,.,0,,
,0,0,0,SCONJ,0,Když,0,,
,0,0,0,PRON,0,se,0,,
,0,1,0,ADP,1,před,1,,
,0,0,0,NUM,0,třemi,0,,
,0,0,0,NOUN,0,lety,0,,
,0,0,0,VERB,0,rozvedl,0,,
,0,0,0,PUNCT,0,",",0,,
,0,0,0,PROPN,0,Vánoce,0,,
,1,1,0,ADP,0,pro,0,,
,0,0,0,PRON,0,něho,0,,
,0,0,0,ADV,0,prakticky,0,,
,0,1,0,VERB,1,ztratily,1,1,c
,0,0,0,NOUN,0,smysl,0,,
,0,0,0,PUNCT,0,.,0,,
,0,0,0,NOUN,0,Pane,0,,
,0,0,0,ADJ,0,předsedající,0,,
,0,0,0,PUNCT,0,",",0,,
,0,0,0,PRON,0,co,0,,
,0,0,0,PRON,0,se,0,,
,0,0,0,VERB,0,týče,0,,
,0,0,0,ADJ,0,jižního,0,,
,0,0,0,PROPN,0,Súdánu,0,,
,0,0,0,PUNCT,0,",",0,,
,0,0,0,VERB,0,chtěl,0,,
,0,0,0,AUX,0,bych,0,,
,0,0,0,PRON,0,se,0,,
,0,0,0,ADV,0,také,0,,
,0,1,0,VERB,1,dotknout,1,1,c
,0,0,0,NOUN,0,stavu,0,,
,0,0,0,DET,0,této,0,,
,0,0,0,NOUN,0,země,0,,
,0,0,0,PUNCT,0,.,0,,
,0,1,0,ADP,1,Na,1,,
,0,0,0,NOUN,0,severozápad,0,,
,0,0,0,ADV,0,tak,0,,
,0,0,0,NOUN,0,obchodníci,0,,
,0,0,1,ADP,1,z,1,,
,0,0,0,PROPN,0,Čech,0,,
,0,0,0,VERB,0,cestovali,0,,
,0,0,0,ADP,0,po,0,,
,0,0,0,PROPN,0,Labi,0,,
,0,0,0,CCONJ,0,a,0,,
,0,1,0,ADP,1,na,1,,
,0,0,0,NOUN,0,severovýchod,0,,
,0,0,0,ADP,0,po,0,,
,0,0,0,PROPN,0,Odře,0,,
,0,0,0,CCONJ,0,a,0,,
,0,0,0,PROPN,0,Visle,0,,
,0,0,0,PART,0,až,0,,
,0,0,0,ADP,0,k,0,,
,0,0,0,NOUN,0,pobřeží,0,,
,0,0,0,ADJ,0,Baltského,0,,
,0,0,0,NOUN,0,moře,0,,
,0,0,0,PUNCT,0,.,0,,
,0,0,0,NOUN,0,Syna,0,,
,0,0,0,PUNCT,0,(,0,,
,0,1,0,ADP,1,v,1,,
,0,0,0,NOUN,0,listopadu,0,,
,0,0,0,PRON,0,mu,0,,
,0,0,0,AUX,0,bylo,0,,
,0,0,0,NUM,0,sedm,0,,
,0,0,0,PUNCT,0,),0,,
,0,0,0,PRON,0,mu,0,,
,0,0,0,ADV,0,tentokrát,0,,
,0,0,0,ADJ,0,bývalá,0,,
,0,0,0,NOUN,0,manželka,0,,
,0,0,0,VERB,0,přivezla,0,,
,0,0,0,ADV,0,už,0,,
,0,0,0,ADJ,0,osmnáctého,0,,
,0,0,0,NOUN,0,prosince,0,,
,0,0,0,ADV,0,ráno,0,,
,0,0,0,PUNCT,0,",",0,,
,0,0,0,ADV,0,zítra,0,,
,0,1,0,ADP,1,v,1,,
,0,0,0,NOUN,0,poledne,0,,
,0,0,0,PRON,0,si,0,,
,0,0,0,PRON,0,ho,0,,
,0,0,1,VERB,1,vyzvedne,1,0,c
,0,0,0,PUNCT,0,",",0,,
,0,0,0,VERB,0,oznámila,0,,
,0,0,0,PRON,0,mu,0,,
,0,0,0,PUNCT,0,.,0,,
,0,0,0,ADJ,0,Nejstarší,0,,
,0,0,0,ADJ,0,české,0,,
,0,0,0,NOUN,0,mince,0,,
,0,0,1,VERB,1,napodobovaly,1,1,x
,0,0,0,NOUN,0,ražby,0,,
,0,0,0,ADJ,0,bavorského,0,,
,0,0,0,NOUN,0,města,0,,
,0,0,0,PROPN,0,Řezna,0,,
,0,0,0,PUNCT,0,",",0,,
,0,0,0,ADV,0,brzy,0,,
,0,0,1,PRON,1,se,1,,
,0,0,0,CCONJ,0,však,0,,
,0,0,0,ADJ,0,čeští,0,,
,0,0,0,NOUN,0,mincmistři,0,,
,0,0,1,VERB,1,orientovali,1,0,c
,0,1,0,ADP,1,na,1,,
,0,1,0,ADJ,1,širší,1,1,c
,0,0,0,ADJ,0,mezinárodní,0,,
,0,0,1,NOUN,1,trh,1,0,c
,0,0,0,CCONJ,0,a,0,,
,0,0,0,VERB,0,počali,0,,
,0,0,0,VERB,0,razit,0,,
,0,0,0,NOUN,0,minci,0,,
,0,0,1,ADJ,1,napodobující,1,1,x
,0,0,0,ADJ,0,anglosaské,0,,
,0,0,0,NOUN,0,denáry,0,,
,0,0,0,NOUN,0,krále,0,,
,0,0,0,PROPN,0,Ethelreda,0,,
,0,0,0,NUM,0,II,0,,
,0,0,0,PUNCT,0,.,0,,
,0,0,0,PUNCT,0,",",0,,
,0,0,0,ADJ,0,známého,0,,
,0,1,0,ADP,1,pod,1,,
,0,0,0,NOUN,0,jménem,0,,
,0,0,0,PROPN,0,Ethelred,0,,
,0,0,0,ADJ,0,Zlé,0,,
,0,0,0,NOUN,0,rady,0,,
,0,0,0,PUNCT,0,(,0,,
,0,0,0,X,0,Ethelred,0,,
,0,0,0,X,0,the,0,,
,0,0,0,X,0,Unready,0,,
,0,0,0,PUNCT,0,",",0,,
,0,0,0,ADJ,0,slovní,0,,
,0,0,1,NOUN,1,hříčka,1,0,c
,1,1,0,ADP,0,se,0,,
,0,0,0,NOUN,0,jménem,0,,
,0,0,0,ADJ,0,anglosaského,0,,
,0,0,0,PROPN,0,Adalráda,0,,
,0,0,0,PROPN,0,Unráda,0,,
,0,0,0,PUNCT,0,",",0,,
,0,0,0,NUM,0,978,0,,
,0,0,0,PUNCT,0,–,0,,
,0,0,0,NUM,0,1016,0,,
,0,0,0,PUNCT,0,),0,,
,0,0,0,PUNCT,0,",",0,,
,0,0,0,ADV,0,tehdy,0,,
,0,0,0,ADJ,0,oblíbené,0,,
,0,0,0,NOUN,0,platidlo,0,,
,0,0,1,ADP,1,na,1,,
,0,0,1,NOUN,1,trzích,1,0,c
,0,0,0,ADP,0,po,0,,
,0,0,0,NUM,0,obou,0,,
,0,0,0,NOUN,0,březích,0,,
,0,0,0,ADJ,0,Baltského,0,,
,0,0,0,NOUN,0,moře,0,,
,0,0,0,PUNCT,0,",",0,,
,0,0,0,ADV,0,kam,0,,
,0,0,0,ADJ,0,tehdejší,0,,
,0,0,0,ADJ,0,český,0,,
,0,0,0,NOUN,0,obchod,0,,
,0,0,0,ADV,0,především,0,,
,0,0,1,VERB,1,směřoval,1,1,c
,0,0,0,PUNCT,0,.,0,,
,0,0,0,_,0,Kdybychom,0,,
,0,0,0,VERB,0,měli,0,,
,0,0,1,VERB,1,popsat,1,0,c
,0,0,1,NOUN,1,orientaci,1,0,c
,0,0,0,ADJ,0,českého,0,,
,0,0,0,ADJ,0,dálkového,0,,
,0,0,0,NOUN,0,obchodu,0,,
,0,1,0,ADP,1,na,1,,
,0,0,0,ADJ,0,tehdejší,0,,
,0,0,0,ADJ,0,světové,0,,
,0,0,1,NOUN,1,trhy,1,0,c
,0,0,0,PUNCT,0,",",0,,
,1,1,0,VERB,0,připodobnili,0,,
,0,0,0,AUX,0,bychom,0,,
,0,0,0,PRON,0,ji,0,,
,0,0,0,PART,0,nejspíše,0,,
,0,1,0,ADP,1,k,1,,
,0,0,0,ADJ,0,větrné,0,,
,0,0,0,NOUN,0,růžici,0,,
,0,0,0,ADJ,0,směřující,0,,
,0,0,1,ADP,1,do,1,,
,0,0,0,NUM,0,čtyř,0,,
,0,0,0,ADJ,0,světových,0,,
,0,0,0,NOUN,0,stran,0,,
,0,0,0,PUNCT,0,",",0,,
,0,0,0,CCONJ,0,ale,0,,
,0,0,0,ADJ,0,otočené,0,,
,1,1,0,ADP,0,o,0,,
,0,0,0,NUM,0,45,0,,
,0,0,0,PUNCT,0,°,0,,
,0,0,0,PUNCT,0,.,0,,
,0,0,0,PUNCT,0,„,0,,
,0,0,0,NOUN,0,Smrček,0,,
,0,0,0,PUNCT,0,?,0,,
,0,0,0,PUNCT,0,”,0,,
,0,0,0,VERB,0,zeptala,0,,
,0,0,0,PRON,0,se,0,,
,0,0,0,PUNCT,0,.,0,,
,0,0,0,PART,0,no,0,,
,0,0,0,PUNCT,0,",",0,,
,0,0,0,PART,0,no,0,,
,0,0,0,PUNCT,0,",",0,,
,0,0,0,VERB,0,hledět,0,,
,0,0,0,CCONJ,0,a,0,,
,0,0,0,SCONJ,0,že,0,,
,0,0,0,DET,0,ten,0,,
,0,0,0,NOUN,0,klobouček,0,,
,0,0,0,DET,0,ten,0,,
,0,0,0,PRON,0,si,0,,
,0,0,0,VERB,0,zkoušela,0,,
,0,0,0,ADV,0,teďka,0,,
,0,0,0,ADV,0,dneska,0,,
,0,0,0,PUNCT,0,.,0,,
,0,0,0,PART,0,Až,0,,
,0,1,0,ADP,1,na,1,,
,0,0,0,ADJ,0,drobný,0,,
,0,0,0,NOUN,0,rozdíl,0,,
,0,0,0,PUNCT,0,-,0,,
,0,0,0,VERB,0,nevzpírají,0,,
,0,0,0,NOUN,0,činky,0,,
,0,0,0,PUNCT,0,",",0,,
,0,0,0,CCONJ,0,ale,0,,
,0,0,0,NOUN,0,kameny,0,,
,0,0,0,PUNCT,0,.,0,,
,0,0,0,VERB,0,Pozoroval,0,,
,0,0,0,PROPN,0,Olina,0,,
,1,1,0,ADP,0,s,0,,
,0,0,0,PROPN,0,Laďou,0,,
,0,0,0,PUNCT,0,",",0,,
,0,0,0,SCONJ,0,jak,0,,
,0,0,0,VERB,0,chlemtají,0,,
,0,0,0,ADJ,0,kuřecí,0,,
,0,0,0,NOUN,0,vývar,0,,
,0,0,0,ADP,0,z,0,,
,0,0,0,ADJ,0,desetilitrového,0,,
,0,0,0,NOUN,0,kastrolu,0,,
,0,0,0,PUNCT,0,",",0,,
,0,0,0,CCONJ,0,a,0,,
,0,0,0,ADJ,0,ztrápeným,0,,
,0,0,0,NOUN,0,hlasem,0,,
,0,0,0,PRON,0,je,0,,
,0,0,0,VERB,0,pobízel,0,,
,0,0,0,PUNCT,0,",",0,,
,0,0,0,SCONJ,0,ať,0,,
,0,0,0,PRON,0,se,0,,
,0,0,0,VERB,0,nají,0,,
,0,0,1,ADP,1,do,1,,
,0,0,0,NOUN,0,zásoby,0,,
,0,0,0,PUNCT,0,",",0,,
,0,0,0,SCONJ,0,protože,0,,
,0,0,0,NOUN,0,bída,0,,
,0,0,0,CCONJ,0,a,0,,
,0,0,0,NOUN,0,hlad,0,,
,0,0,0,ADV,0,už,0,,
,0,1,0,VERB,1,stojí,1,0,c
,0,0,0,ADP,0,za,0,,
,0,0,1,NOUN,1,dveřmi,1,0,c
,0,0,0,PUNCT,0,.,0,,
,0,0,0,PUNCT,0,„,0,,
,0,0,0,ADV,0,Dobře,0,,
,0,0,0,PUNCT,0,",",0,,
,0,0,0,PUNCT,0,”,0,,
,0,0,0,VERB,0,řekl,0,,
,0,0,0,PROPN,0,Oskar,0,,
,0,0,0,SCONJ,0,co,0,,
,0,0,0,ADV,0,možná,0,,
,0,0,0,ADV,0,klidně,0,,
,0,0,0,PUNCT,0,.,0,,
,0,0,0,SCONJ,0,že,0,,
,0,0,0,VERB,0,pojedeme,0,,
,0,0,0,ADP,0,do,0,,
,0,0,0,PROPN,0,Luhačovic,0,,
,0,0,0,PUNCT,0,",",0,,
,0,1,0,ADP,1,na,1,,
,0,0,0,DET,0,to,0,,
,0,0,1,NOUN,1,otvírání,1,1,c
,0,0,0,NOUN,0,pramenů,0,,
,0,0,0,CCONJ,0,a,0,,
,0,0,0,PRON,0,nic,0,,
,0,0,0,PRON,0,nic,0,,
,0,0,0,PUNCT,0,.,0,,
,0,0,0,NOUN,0,Návratu,0,,
,0,0,0,NOUN,0,Kostky,0,,
,0,1,0,ADP,1,do,1,,
,0,0,0,ADJ,0,devatenáctého,0,,
,0,0,0,NOUN,0,století,0,,
,0,0,0,VERB,0,zabránila,0,,
,0,0,0,NOUN,0,paní,0,,
,0,0,0,PROPN,0,Tichá,0,,
,0,0,0,PUNCT,0,",",0,,
,0,0,0,DET,0,která,0,,
,0,0,0,VERB,0,pohrozila,0,,
,0,0,0,ADJ,0,okamžitou,0,,
,0,0,0,NOUN,0,výpovědí,0,,
,0,0,0,PUNCT,0,",",0,,
,0,0,0,SCONJ,0,pokud,0,,
,0,0,0,PRON,0,jí,0,,
,0,0,1,VERB,1,nepojede,1,0,c
,0,0,0,NOUN,0,vysavač,0,,
,0,0,0,PUNCT,0,",",0,,
,0,0,0,NOUN,0,mražáky,0,,
,0,0,0,CCONJ,0,a,0,,
,0,0,0,ADJ,0,umělá,0,,
,0,0,0,NOUN,0,líheň,0,,
,0,1,0,ADP,1,na,1,,
,0,0,0,NOUN,0,kuřata,0,,
,0,0,0,PUNCT,0,.,0,,
,0,0,0,PART,0,tož,0,,
,0,0,0,SCONJ,0,protože,0,,
,0,0,0,PUNCT,0,",",0,,
,0,0,0,ADV,0,tady,0,,
,0,0,0,AUX,0,byly,0,,
,0,0,0,NOUN,0,železárny,0,,
,0,0,0,PUNCT,0,",",0,,
,0,0,0,CCONJ,0,a,0,,
,0,0,0,ADV,0,vlasně,0,,
,0,0,0,DET,0,to,0,,
,0,0,0,SCONJ,0,dyž,0,,
,0,0,0,VERB,0,začalo,0,,
,0,0,0,PUNCT,0,",",0,,
,0,0,0,ADV,0,tak,0,,
,0,0,0,INTJ,0,eee,0,,
,0,0,0,PUNCT,0,",",0,,
,0,0,0,ADJ,0,závodní,0,,
,0,0,0,NOUN,0,doktor,0,,
,0,0,1,ADP,1,z,1,,
,0,0,0,NOUN,0,železáren,0,,
,0,0,0,DET,0,všecky,0,,
,0,0,0,PUNCT,0,",",0,,
,0,0,0,VERB,0,posílal,0,,
,0,0,1,ADP,1,k,1,,
,0,0,0,PRON,0,nas,0,,
,0,0,0,PUNCT,0,*,0,,
,0,0,1,ADP,1,k,1,,
,0,0,0,DET,0,naší,0,,
,0,0,0,NOUN,0,pojišťovně,0,,
,0,0,0,ADJ,0,zdravotní,0,,
,0,0,0,PUNCT,0,.,0,,
,0,0,0,DET,0,Všechny,0,,
,0,0,0,DET,0,ty,0,,
,0,0,0,ADJ,0,obvyklé,0,,
,0,0,0,NOUN,0,věci,0,,
,0,0,0,PUNCT,0,.,0,,
,0,0,0,DET,0,Ten,0,,
,0,0,0,PRON,0,se,0,,
,0,0,0,VERB,0,odráží,0,,
,0,0,0,SCONJ,0,jako,0,,
,0,0,0,NOUN,0,lidé,0,,
,0,0,0,ADV,0,pouze,0,,
,0,0,0,ADJ,0,zadními,0,,
,0,0,0,NOUN,0,končetinami,0,,
,0,0,0,CCONJ,0,a,0,,
,0,0,0,ADP,0,během,0,,
,0,0,0,NOUN,0,skoku,0,,
,0,0,0,VERB,0,drží,0,,
,0,0,0,NOUN,0,tělo,0,,
,0,0,0,ADV,0,vzpřímeně,0,,
,0,0,0,PUNCT,0,.,0,,
,0,0,0,SCONJ,0,že,0,,
,0,0,0,AUX,0,bych,0,,
,0,1,0,ADP,1,od,1,,
,0,0,0,PRON,0,tebe,0,,
,0,0,0,VERB,0,mohla,0,,
,0,0,0,VERB,0,dostat,0,,
,0,0,0,PRON,0,neco,0,,
,0,0,0,ADJ,0,oranžového,0,,
,0,0,0,PUNCT,0,",",0,,
,0,0,0,PART,0,ne,0,,
,0,0,0,PRON,0,ju,0,,
,0,0,0,ADV,0,nekdy,0,,
,0,0,0,PART,0,fakt,0,,
,0,0,1,VERB,1,napadne,1,0,c
,0,0,0,PRON,0,ona,0,,
,0,0,0,VERB,0,má,0,,
,0,0,0,DET,0,takové,0,,
,0,0,0,SCONJ,0,jakože,0,,
,0,0,1,NOUN,1,hlášky,1,0,c
,0,0,0,PUNCT,0,.,0,,
,0,0,0,PUNCT,0,”,0,,
,0,0,0,VERB,0,vykřikl,0,,
,0,0,0,NOUN,0,syn,0,,
,0,0,0,PUNCT,0,.,0,,
,0,0,0,ADP,0,V,0,,
,0,0,0,DET,0,jeho,0,,
,0,0,0,NOUN,0,domovině,0,,
,0,0,0,ADV,0,moc,0,,
,0,0,0,NOUN,0,stromů,0,,
,0,0,0,VERB,0,neroste,0,,
,0,0,0,PUNCT,0,",",0,,
,1,1,0,ADP,0,během,0,,
,0,0,0,NOUN,0,dne,0,,
,0,0,0,PRON,0,se,0,,
,0,0,0,CCONJ,0,proto,0,,
,0,0,0,VERB,0,pohybuje,0,,
,0,0,0,ADV,0,převážně,0,,
,0,0,0,ADP,0,na,0,,
,0,0,0,NOUN,0,zemi,0,,
,0,0,0,CCONJ,0,a,0,,
,0,0,0,ADP,0,na,0,,
,0,0,0,NOUN,0,stromy,0,,
,0,0,0,PRON,0,se,0,,
,0,0,0,VERB,0,uchyluje,0,,
,0,0,0,ADV,0,jen,0,,
,0,1,0,ADP,1,na,1,,
,0,0,0,NOUN,0,noc,0,,
,0,0,0,PUNCT,0,.,0,,
,1,1,0,ADJ,0,Velké,0,,
,0,0,0,ADJ,0,zahraniční,0,,
,0,0,0,NOUN,0,podniky,0,,
,0,0,0,PUNCT,0,",",0,,
,0,0,0,ADP,0,bez,0,,
,0,0,0,PRON,0,nichž,0,,
,0,0,0,DET,0,taková,0,,
,0,0,0,ADJ,0,chudá,0,,
,0,0,0,NOUN,0,země,0,,
,0,0,0,AUX,0,není,0,,
,0,0,1,ADJ,1,schopna,1,1,x
,0,0,0,VERB,0,těžit,0,,
,0,0,0,NOUN,0,ropu,0,,
,0,0,0,PUNCT,0,",",0,,
,0,0,0,CCONJ,0,a,0,,
,0,0,0,NOUN,0,představitelé,0,,
,0,0,0,NUM,0,obou,0,,
,0,0,0,NOUN,0,částí,0,,
,0,0,0,NOUN,0,země,0,,
,0,1,0,VERB,1,zavětřili,1,0,c
,0,1,0,NOUN,1,vůni,1,0,c
,0,0,0,NOUN,0,petrodolarů,0,,
,0,0,0,PUNCT,0,.,0,,
,0,0,0,ADJ,0,Nejoblíbenějším,0,,
,0,0,0,ADJ,0,opičím,0,,
,0,0,1,NOUN,1,sportem,1,1,n
,0,0,0,AUX,0,je,0,,
,0,0,0,ADJ,0,sportovní,0,,
,0,0,0,NOUN,0,gymnastika,0,,
,0,0,0,PUNCT,0,.,0,,
,0,0,0,ADV,0,Nejraději,0,,
,0,0,0,VERB,0,má,0,,
,0,0,0,ADV,0,hustě,0,,
,0,0,0,ADJ,0,zalesněné,0,,
,0,0,0,NOUN,0,břehy,0,,
,0,0,0,NOUN,0,řek,0,,
,0,0,0,CCONJ,0,nebo,0,,
,0,0,0,ADJ,0,pobřežní,0,,
,0,0,0,NOUN,0,mangrovy,0,,
,0,0,0,PUNCT,0,.,0,,
,0,0,0,CCONJ,0,I,0,,
,0,1,0,ADP,1,přes,1,,
,0,0,0,DET,0,tento,0,,
,0,0,0,ADJ,0,složitý,0,,
,0,0,0,NOUN,0,problém,0,,
,0,0,1,VERB,1,uskutečnilo,1,0,c
,0,0,0,PROPN,0,Turecko,0,,
,0,0,1,DET,1,své,1,,
,0,0,0,ADJ,0,parlamentní,0,,
,0,0,0,CCONJ,0,a,0,,
,0,0,0,ADJ,0,prezidentské,0,,
,0,0,0,NOUN,0,volby,0,,
,0,1,0,ADP,1,v,1,,
,0,1,0,NOUN,1,duchu,1,1,c
,0,0,0,ADJ,0,demokratických,0,,
,0,0,0,NOUN,0,zásad,0,,
,0,0,0,CCONJ,0,a,0,,
,0,1,0,ADP,1,s,1,,
,0,0,0,ADV,0,velmi,0,,
,0,1,0,ADJ,1,vysokou,1,1,c
,0,0,0,NOUN,0,účastí,0,,
,0,0,0,NOUN,0,obyvatelstva,0,,
,0,0,0,PUNCT,0,.,0,,
,0,0,0,ADV,0,Taky,0,,
,0,0,0,ADV,0,už,0,,
,0,0,0,VERB,0,umím,0,,
,0,0,0,VERB,0,oškubat,0,,
,0,0,0,PUNCT,0,",",0,,
,0,0,0,VERB,0,vykuchat,0,,
,0,0,0,CCONJ,0,a,0,,
,0,0,0,VERB,0,naporcovat,0,,
,0,0,0,NOUN,0,drůbež,0,,
,0,0,0,CCONJ,0,a,0,,
,0,0,0,ADV,0,dnes,0,,
,0,0,0,AUX,0,jsem,0,,
,0,0,0,ADV,0,poprvé,0,,
,0,0,0,VERB,0,smažila,0,,
,0,0,0,ADJ,0,vepřové,0,,
,0,0,0,NOUN,0,řízky,0,,
,0,0,0,PUNCT,0,.,0,,
,0,0,0,PROPN,0,Josef,0,,
,0,0,0,PRON,0,se,0,,
,0,0,0,PRON,0,nás,0,,
,0,0,0,VERB,0,snažil,0,,
,0,0,0,VERB,0,přesvědčit,0,,
,0,0,0,PUNCT,0,",",0,,
,0,0,0,SCONJ,0,že,0,,
,0,0,0,NOUN,0,elektřinu,0,,
,0,0,0,ADV,0,vlastně,0,,
,0,0,1,ADV,1,dohromady,1,,
,0,1,0,ADP,1,na,1,,
,0,0,0,PRON,0,nic,0,,
,0,0,0,VERB,0,nepotřebujeme,0,,
,0,0,0,CCONJ,0,a,0,,
,0,0,0,ADP,0,kromě,0,,
,0,0,0,DET,0,toho,0,,
,0,0,0,AUX,0,je,0,,
,0,0,0,ADJ,0,předražená,0,,
,0,0,0,PUNCT,0,.,0,,
,0,0,0,NOUN,0,Plavání,0,,
,0,0,1,PRON,1,se,1,,
,0,0,0,DET,0,mnoho,0,,
,0,0,0,NOUN,0,opic,0,,
,0,0,1,VERB,1,nevěnuje,1,0,c
,0,0,0,PUNCT,0,.,0,,
,0,0,1,ADJ,1,Rybařící,1,1,n
,0,0,0,NOUN,0,opice,0,,
,0,0,0,PUNCT,0,.,0,,
,0,0,0,NOUN,0,Odpověď,0,,
,0,0,0,AUX,0,je,0,,
,0,0,0,ADJ,0,zřejmá,0,,
,0,0,0,PUNCT,0,:,0,,
,0,0,0,ADP,0,kvůli,0,,
,0,0,0,NOUN,0,ropě,0,,
,0,0,0,PUNCT,0,.,0,,
,0,0,0,PART,0,Ani,0,,
,0,0,0,NOUN,0,večer,0,,
,0,0,0,PRON,0,se,0,,
,0,0,0,ADV,0,příliš,0,,
,0,0,0,VERB,0,nepovedl,0,,
,0,0,0,PUNCT,0,.,0,,
,0,0,0,PROPN,0,Václav,0,,
,0,0,0,PROPN,0,Antonín,0,,
,0,0,0,PRON,0,si,0,,
,0,0,0,ADV,0,nepochybně,0,,
,0,0,0,ADV,0,právem,0,,
,0,0,0,VERB,0,vysloužil,0,,
,0,1,0,ADP,1,v,1,,
,0,0,0,ADJ,0,rodových,0,,
,0,0,0,NOUN,0,dějinách,0,,
,0,0,0,NOUN,0,přezdívku,0,,
,0,0,0,ADJ,0,Velký,0,,
,0,0,0,PROPN,0,Prasák,0,,
,0,0,0,PUNCT,0,.,0,,
,0,0,0,VERB,0,Nevíme,0,,
,0,0,0,PUNCT,0,",",0,,
,0,0,0,PRON,0,co,0,,
,0,0,0,ADV,0,tam,0,,
,0,1,0,ADP,1,za,1,,
,0,0,0,PRON,0,ně,0,,
,0,0,0,ADJ,0,čeští,0,,
,0,0,0,NOUN,0,exportéři,0,,
,0,0,0,VERB,0,nakupovali,0,,
,0,0,0,PUNCT,0,;,0,,
,0,0,0,ADV,0,tam,0,,
,0,0,0,PART,0,fakt,0,,
,0,0,0,ADV,0,třeba,0,,
,0,0,0,AUX,0,je,0,,
,0,0,0,NUM,0,deset,0,,
,0,0,0,NOUN,0,lidí,0,,
,0,1,0,ADP,1,za,1,,
,0,0,0,NOUN,0,den,0,,
,0,0,0,PUNCT,0,",",0,,
,0,0,0,CCONJ,0,a,0,,
,0,0,0,ADP,0,ve,0,,
,0,0,0,PROPN,0,Veselí,0,,
,0,0,0,ADV,0,víc,0,,
,0,0,0,PUNCT,0,.,0,,
,0,0,0,NOUN,0,Předpovědi,0,,
,0,0,0,ADJ,0,dalšího,0,,
,0,0,0,NOUN,0,dění,0,,
,0,0,0,ADP,0,v,0,,
,0,0,0,PROPN,0,Súdánu,0,,
,0,0,0,AUX,0,jsou,0,,
,0,0,0,ADV,0,jen,0,,
,0,1,0,NOUN,1,věštěním,1,1,c
,0,1,0,ADP,1,z,1,1,c
,0,1,0,ADJ,1,křišťálové,1,1,c
,0,1,0,NOUN,1,koule,1,1,c
,0,0,0,PUNCT,0,.,0,,
,0,0,0,PUNCT,0,„,0,,
,0,0,0,ADV,0,Tak,0,,
,0,0,0,VERB,0,plav,0,,
,0,0,0,CCONJ,0,a,0,,
,1,1,0,AUX,0,bud,0,,
,0,0,0,ADJ,0,rád,0,,
,0,0,0,PUNCT,0,",",0,,
,0,0,0,SCONJ,0,že,0,,
,0,0,0,AUX,0,jsme,0,,
,0,0,0,PRON,0,tě,0,,
,0,0,0,VERB,0,nesežrali,0,,
,0,0,0,PUNCT,0,!,0,,
,1,1,0,ADP,0,V,0,,
,0,0,0,NOUN,0,zemi,0,,
c,1,1,0,VERB,1,obíhala,0,1,c
,0,0,0,ADJ,0,celá,0,,
,0,1,0,NOUN,1,řada,1,0,c
,0,0,0,ADJ,0,směnných,0,,
,0,0,1,NOUN,1,prostředků,1,0,c
,0,0,0,PUNCT,0,",",0,,
,0,0,0,ADJ,0,užívaných,0,,
,0,0,0,SCONJ,0,jako,0,,
,0,0,0,ADJ,0,všeobecné,0,,
,0,0,0,ADJ,0,hodnotové,0,,
,0,0,0,NOUN,0,ekvivalenty,0,,
,0,0,0,ADJ,0,nabízených,0,,
,0,0,0,NOUN,0,zboží,0,,
,0,0,0,PUNCT,0,.,0,,
,0,0,0,PUNCT,0,„,0,,
,0,0,0,ADJ,0,Milý,0,,
,0,0,0,NOUN,0,kapříku,0,,
,0,0,0,PUNCT,0,",",0,,
,0,0,0,VERB,0,přejeme,0,,
,0,0,0,PRON,0,ti,0,,
,0,0,0,PUNCT,0,",",0,,
,0,0,0,_,0,aby,0,,
,0,0,0,PRON,0,ses,0,,
,0,0,0,ADV,0,tu,0,,
,0,0,0,VERB,0,měl,0,,
,0,0,0,ADV,0,moc,0,,
,0,0,0,ADV,0,krásně,0,,
,0,0,0,CCONJ,0,a,0,,
,0,0,0,VERB,0,našel,0,,
,0,0,0,AUX,0,sis,0,,
,0,0,0,ADV,0,tu,0,,
,0,0,0,ADJ,0,nové,0,,
,0,0,0,NOUN,0,kamarády,0,,
,0,0,0,PUNCT,0,",",0,,
,0,0,0,PUNCT,0,”,0,,
,0,0,0,VERB,0,popřál,0,,
,0,0,0,NOUN,0,rybě,0,,
,1,1,0,ADP,0,s,0,,
,0,0,0,ADJ,0,dojemnou,0,,
,0,0,0,NOUN,0,vážností,0,,
,0,0,0,NOUN,0,syn,0,,
,0,0,0,PUNCT,0,.,0,,
,0,0,0,ADJ,0,Další,0,,
,0,0,0,NOUN,0,otázka,0,,
,0,0,0,PUNCT,0,",",0,,
,0,0,0,DET,0,kterou,0,,
,0,0,0,PRON,0,si,0,,
,0,0,0,VERB,0,musíme,0,,
,0,1,0,VERB,1,položit,1,0,c
,0,0,0,CCONJ,0,a,0,,
,0,1,0,VERB,1,najít,1,1,c
,0,1,0,ADP,1,na,1,,
,0,0,0,PRON,0,ni,0,,
,0,0,0,NOUN,0,odpověď,0,,
,0,0,0,PUNCT,0,",",0,,
,0,0,1,VERB,1,zní,1,0,c
,0,0,0,ADV,0,takto,0,,
,0,0,0,PUNCT,0,:,0,,
,0,0,0,ADV,0,proč,0,,
,0,0,0,AUX,0,je,0,,
,0,0,0,ADV,0,nyní,0,,
,0,0,0,ADJ,0,reálná,0,,
,0,0,0,NOUN,0,naděje,0,,
,0,1,0,ADP,1,na,1,,
,0,0,0,ADJ,0,mírové,0,,
,0,0,0,NOUN,0,ukončení,0,,
,0,0,0,NOUN,0,konfliktu,0,,
,0,0,0,PUNCT,0,",",0,,
,0,0,0,DET,0,který,0,,
,0,0,0,VERB,0,trval,0,,
,0,0,0,NUM,0,půl,0,,
,0,0,0,NOUN,0,století,0,,
,0,0,0,PUNCT,0,?,0,,
,0,0,0,ADV,0,Především,0,,
,0,0,0,ADP,0,kvůli,0,,
,0,0,0,PRON,0,němu,0,,
,0,0,0,PROPN,0,Oskar,0,,
,0,0,0,NOUN,0,tradici,0,,
,0,0,0,PROPN,0,Vánoc,0,,
,0,0,0,PUNCT,0,",",0,,
,0,0,0,DET,0,tu,0,,
,0,0,0,ADJ,0,poloviční,0,,
,0,1,0,NOUN,1,mrtvolu,1,0,n
,0,0,0,PUNCT,0,",",0,,
,0,0,0,ADV,0,každoročně,0,,
,0,1,0,ADP,1,s,1,,
,0,0,0,NOUN,0,odporem,0,,
,0,0,1,VERB,1,resuscitoval,1,0,n
,0,0,0,PUNCT,0,:,0,,
,1,1,0,ADP,0,za,0,,
,0,0,0,ADJ,0,jediné,0,,
,0,0,0,NOUN,0,odpoledne,0,,
,0,0,0,VERB,0,nakoupil,0,,
,0,0,0,NOUN,0,dárky,0,,
,0,0,0,PUNCT,0,",",0,,
,0,0,0,VERB,0,uklidil,0,,
,0,0,0,ADV,0,jakž,0,,
,0,0,0,ADV,0,takž,0,,
,0,0,0,NOUN,0,byt,0,,
,0,0,0,PUNCT,0,",",0,,
,0,0,0,VERB,0,koupil,0,,
,0,0,0,NOUN,0,pár,0,,
,0,0,0,ADJ,0,smrkových,0,,
,0,0,0,NOUN,0,větví,0,,
,0,0,0,PUNCT,0,",",0,,
,0,0,0,VERB,0,strčil,0,,
,0,0,0,PRON,0,je,0,,
,0,0,0,ADP,0,do,0,,
,0,0,0,NOUN,0,vázy,0,,
,0,0,0,PUNCT,0,",",0,,
,0,0,0,VERB,0,vyštrachal,0,,
,0,0,0,DET,0,několik,0,,
,0,0,0,ADJ,0,zaprášených,0,,
,0,0,0,NOUN,0,ozdob,0,,
,0,0,0,CCONJ,0,a,0,,
,0,0,0,NUM,0,dvě,0,,
,0,0,0,NUM,0,tři,0,,
,0,0,0,ADJ,0,použitelné,0,,
,0,0,0,NOUN,0,svíčky,0,,
,0,0,0,CCONJ,0,a,0,,
,0,0,0,AUX,0,bylo,0,,
,0,0,0,DET,0,to,0,,
,0,0,0,PUNCT,0,.,0,,
,0,0,0,ADV,0,Potom,0,,
,0,0,0,ADV,0,lstivě,0,,
,0,0,0,VERB,0,dodal,0,,
,0,0,0,PUNCT,0,",",0,,
,0,0,0,SCONJ,0,že,0,,
,0,0,0,_,0,kdybychom,0,,
,0,0,0,NOUN,0,Kostku,0,,
,1,1,0,ADP,0,pro,0,,
,0,0,1,NOUN,1,muflony,1,1,n
,1,1,0,VERB,0,uzavřeli,0,,
,0,0,0,PUNCT,0,",",0,,
,0,0,0,VERB,0,můžeme,0,,
,0,0,0,VERB,0,bydlet,0,,
,0,0,0,PUNCT,0,",",0,,
,0,0,0,ADV,0,kde,0,,
,0,0,0,PRON,0,se,0,,
,0,0,0,PRON,0,nám,0,,
,0,0,0,VERB,0,zlíbí,0,,
,0,0,0,PUNCT,0,.,0,,
,0,0,0,ADJ,0,Vzdušní,0,,
,0,0,0,NOUN,0,akrobaté,0,,
,0,0,0,PUNCT,0,.,0,,
,0,0,0,ADV,0,tam,0,,
,0,0,1,VERB,1,nechodí,1,1,c
,0,0,0,PUNCT,0,.,0,,
,0,0,0,VERB,0,Vybalil,0,,
,0,0,0,NOUN,0,kapra,0,,
,0,0,0,PUNCT,0,",",0,,
,0,0,0,ADJ,0,volnou,0,,
,0,0,0,NOUN,0,rukou,0,,
,0,0,0,VERB,0,objal,0,,
,0,0,0,NOUN,0,chlapce,0,,
,0,0,0,ADP,0,kolem,0,,
,0,0,0,NOUN,0,pasu,0,,
,0,0,0,CCONJ,0,a,0,,
,0,0,0,ADV,0,společně,0,,
,0,0,0,PRON,0,se,0,,
,0,0,0,VERB,0,naklonili,0,,
,0,0,0,ADP,0,nad,0,,
,0,0,0,ADJ,0,černou,0,,
,0,0,0,NOUN,0,hladinu,0,,
,0,0,0,PUNCT,0,.,0,,
,0,0,0,NOUN,0,Elektřinu,0,,
,0,0,0,CCONJ,0,sice,0,,
,0,0,0,VERB,0,zachránil,0,,
,0,0,0,PUNCT,0,",",0,,
,0,0,0,CCONJ,0,ale,0,,
,0,0,0,ADJ,0,Bendova,0,,
,0,0,0,NOUN,0,půjčka,0,,
,0,0,0,PRON,0,se,0,,
,0,0,0,ADV,0,opět,0,,
,0,0,0,ADV,0,výrazně,0,,
,0,1,0,VERB,1,scvrkla,1,0,n
,0,0,0,PUNCT,0,.,0,,
,0,0,0,NOUN,0,Dítě,0,,
,0,0,0,ADV,0,okamžitě,0,,
,0,0,0,VERB,0,zvážnělo,0,,
,0,0,0,CCONJ,0,a,0,,
,0,0,0,ADV,0,nervózně,0,,
,0,0,0,VERB,0,vzhlédlo,0,,
,0,0,0,ADP,0,k,0,,
,0,0,0,NOUN,0,otci,0,,
,0,0,0,PUNCT,0,.,0,,
,0,0,0,ADV,0,šak,0,,
,0,0,0,VERB,0,nemusí,0,,
,0,0,0,DET,0,to,0,,
,0,0,0,VERB,0,možem,0,,
,0,0,0,VERB,0,jít,0,,
,0,0,0,CCONJ,0,aj,0,,
,0,0,0,ADP,0,do,0,,
,0,0,0,PROPN,0,Veselí,0,,
,0,0,0,ADP,0,do,0,,
,0,0,0,NOUN,0,cukrárny,0,,
,0,0,0,PUNCT,0,.,0,,
,0,0,0,ADV,0,Ráno,0,,
,0,0,0,PRON,0,nám,0,,
,0,0,0,VERB,0,přijeli,0,,
,1,1,0,VERB,0,odpojit,0,,
,0,0,0,NOUN,0,elektřinu,0,,
,0,0,0,PUNCT,0,",",0,,
,0,0,0,SCONJ,0,protože,0,,
,0,0,0,VERB,0,nemáme,0,,
,0,0,0,ADJ,0,zaplacené,0,,
,0,0,0,NOUN,0,účty,0,,
,0,0,0,PUNCT,0,.,0,,
,0,0,0,PUNCT,0,„,0,,
,0,0,0,INTJ,0,Raz,0,,
,0,0,0,PUNCT,0,",",0,,
,0,0,0,NUM,0,dva,0,,
,0,0,0,PUNCT,0,",",0,,
,0,0,0,NUM,0,tři,0,,
,0,0,0,PUNCT,0,!,0,,
,0,0,0,PUNCT,0,”,0,,
,0,0,0,VERB,0,zvolal,0,,
,0,0,0,CCONJ,0,a,0,,
,1,1,0,ADP,0,s,0,,
,0,0,0,ADJ,0,okázalým,0,,
,0,0,0,NOUN,0,rozmachem,0,,
,0,0,0,VERB,0,hodil,0,,
,0,0,0,NOUN,0,kapra,0,,
,0,0,0,ADP,0,do,0,,
,0,0,0,NOUN,0,vody,0,,
,0,0,0,PUNCT,0,.,0,,
,0,0,0,ADJ,0,Oblíbenou,0,,
,0,0,0,NOUN,0,disciplínou,0,,
,0,1,0,ADP,1,mezi,1,,
,0,0,0,NOUN,0,opicemi,0,,
,0,0,0,AUX,0,je,0,,
,0,0,0,NOUN,0,skok,0,,
,0,1,0,ADP,1,do,1,,
,0,0,0,NOUN,0,dálky,0,,
,0,0,0,PUNCT,0,.,0,,
,0,0,0,VERB,0,Nevím,0,,
,0,0,0,ADV,0,jak,0,,
,0,0,0,NOUN,0,bída,0,,
,0,0,0,PUNCT,0,",",0,,
,0,0,0,CCONJ,0,ale,0,,
,1,1,0,NOUN,0,hlad,0,,
,0,0,0,ADP,0,za,0,,
,0,0,1,NOUN,1,dveřmi,1,0,c
,0,0,0,ADV,0,určitě,0,,
,0,0,1,VERB,1,nestojí,1,0,c
,0,0,0,PUNCT,0,.,0,,
,0,0,0,PROPN,0,Oskar,0,,
,0,0,0,ADP,0,u,0,,
,0,0,0,NUM,0,jednoho,0,,
,0,0,1,ADP,1,z,1,,
,0,0,0,ADJ,0,početných,0,,
,0,0,0,NOUN,0,stánků,0,,
,0,0,0,VERB,0,vypil,0,,
,0,0,0,NUM,0,dva,0,,
,0,0,0,NOUN,0,kelímky,0,,
,0,0,0,ADJ,0,svařeného,0,,
,0,0,0,NOUN,0,vína,0,,
,0,0,0,CCONJ,0,a,0,,
,0,0,1,VERB,1,vydal,1,0,c
,0,0,0,PRON,0,se,0,,
,0,0,0,ADV,0,domů,0,,
,0,0,0,PUNCT,0,.,0,,
,0,0,1,PROPN,1,Súdán,1,1,x
,0,0,0,PRON,0,se,0,,
,0,1,0,VERB,1,chystá,1,1,x
,0,0,0,PRON,0,nám,0,,
,0,0,0,PUNCT,0,",",0,,
,0,0,0,ADJ,0,mezinárodnímu,0,,
,0,0,0,NOUN,0,společenství,0,,
,0,0,0,PUNCT,0,",",0,,
,0,0,1,ADV,1,pěkně,1,,
,0,1,0,VERB,1,spočítat,1,0,c
,0,0,0,NOUN,0,cynismus,0,,
,0,0,0,CCONJ,0,a,0,,
,0,0,0,NOUN,0,krize,0,,
,0,0,0,PUNCT,0,",",0,,
,0,0,0,DET,0,které,0,,
,0,0,0,ADV,0,mnohdy,0,,
,0,0,0,PART,0,spíše,0,,
,0,1,0,ADP,1,z,1,,
,0,0,0,NOUN,0,rezignace,0,,
,0,0,0,SCONJ,0,než,0,,
,0,0,0,ADJ,0,jiného,0,,
,0,0,0,NOUN,0,důvodu,0,,
,0,0,0,VERB,0,považujeme,0,,
,0,1,0,ADP,1,za,1,,
,0,0,0,ADJ,0,neřešitelné,0,,
,0,0,0,PUNCT,0,.,0,,
,0,0,0,PUNCT,0,„,0,,
,0,0,0,ADV,0,Určitě,0,,
,0,0,0,PRON,0,se,0,,
,0,0,0,VERB,0,vzpamatuje,0,,
,0,0,0,PUNCT,0,?,0,,
,0,0,0,PUNCT,0,”,0,,
,0,0,0,PROPN,0,Oskar,0,,
,0,0,0,DET,0,jeho,0,,
,0,0,0,NOUN,0,pohled,0,,
,0,0,0,VERB,0,nedokázal,0,,
,0,1,0,VERB,1,snést,1,0,c
,0,0,0,PUNCT,0,.,0,,
,0,0,0,DET,0,Někteří,0,,
,0,0,0,ADJ,0,opičí,0,,
,0,0,1,NOUN,1,atleti,1,1,n
,0,0,0,AUX,0,jsou,0,,
,0,0,0,PART,0,např,0,,
,0,0,0,PUNCT,0,.,0,,
,0,0,0,ADJ,0,výborní,0,,
,0,0,1,NOUN,1,sprinteři,1,1,
,0,0,0,PUNCT,0,",",0,,
,0,0,0,CCONJ,0,ale,0,,
,0,0,0,NOUN,0,skoky,0,,
,0,1,0,ADP,1,do,1,,
,0,0,0,NOUN,0,dálky,0,,
,0,0,0,CCONJ,0,či,0,,
,0,0,0,NOUN,0,plavání,0,,
,0,0,0,PRON,0,jim,0,,
,0,0,0,ADV,0,moc,0,,
,1,1,0,VERB,0,nejde,0,,
,0,0,0,PUNCT,0,.,0,,
,0,1,0,ADP,1,Vedle,1,,
,0,0,0,NOUN,0,trhu,0,,
,0,0,1,ADJ,1,domácího,1,0,c
,0,0,0,PUNCT,0,",",0,,
,0,0,0,DET,0,který,0,,
,0,0,0,PART,0,asi,0,,
,0,1,0,ADP,1,při,1,,
,0,0,0,ADV,0,všeobecně,0,,
,0,0,0,ADJ,0,samozásobitelské,0,,
,0,0,0,NOUN,0,povaze,0,,
,0,0,0,ADJ,0,české,0,,
,0,0,0,NOUN,0,společnosti,0,,
,0,0,0,ADJ,0,desátého,0,,
,0,0,0,NOUN,0,století,0,,
,0,0,0,ADV,0,příliš,0,,
,0,0,0,ADJ,0,velkého,0,,
,0,0,1,NOUN,1,obratu,1,0,c
,0,0,1,VERB,1,nedociloval,1,0,c
,0,0,0,PUNCT,0,",",0,,
,1,1,0,VERB,0,víme,0,,
,0,0,0,ADP,0,v,0,,
,0,0,0,ADJ,0,českých,0,,
,0,0,0,NOUN,0,zemích,0,,
,0,0,0,ADV,0,již,0,,
,0,1,0,ADP,1,od,1,,
,0,0,0,DET,0,samého,0,,
,0,0,0,NOUN,0,počátku,0,,
,0,0,0,DET,0,tohoto,0,,
,0,0,0,NOUN,0,věku,0,,
,0,0,1,ADP,1,o,1,,
,0,0,0,NOUN,0,přítomnosti,0,,
,0,0,0,ADJ,0,dálkového,0,,
,0,0,0,NOUN,0,obchodu,0,,
,0,0,0,ADJ,0,mezinárodního,0,,
,0,0,0,PUNCT,0,.,0,,
,0,0,0,PRON,0,Mě,0,,
,0,0,0,PART,0,ovšem,0,,
,0,0,0,ADV,0,mnohem,0,,
,0,0,0,ADV,0,víc,0,,
,0,0,1,VERB,1,znervóznila,1,0,x
,0,0,0,NOUN,0,představa,0,,
,0,0,0,PUNCT,0,",",0,,
,0,0,0,SCONJ,0,jak,0,,
,0,0,0,PRON,0,si,0,,
,0,0,0,VERB,0,suším,0,,
,0,0,0,NOUN,0,vlasy,0,,
,0,0,0,ADP,0,nad,0,,
,0,0,0,NOUN,0,ohněm,0,,
,0,0,0,PUNCT,0,.,0,,
,0,0,1,ADP,1,Vedle,1,,
,0,0,0,NOUN,0,stůčků,0,,
,0,0,0,NOUN,0,hedvábí,0,,
,0,0,0,CCONJ,0,a,0,,
,0,0,0,NOUN,0,ingotů,0,,
,0,1,0,ADP,1,z,1,,
,0,0,0,ADJ,0,různých,0,,
,0,0,0,NOUN,0,kovů,0,,
,0,0,0,ADJ,0,standardní,0,,
,0,0,0,NOUN,0,váhy,0,,
,0,0,0,DET,0,to,0,,
,0,0,0,AUX,0,byly,0,,
,0,0,0,ADV,0,především,0,,
,0,0,0,ADJ,0,pověstné,0,,
,0,0,1,NOUN,1,šátečky,1,0,n
,0,0,0,PUNCT,0,",",0,,
,0,0,1,ADP,1,o,1,,
,0,0,0,PRON,0,nichž,0,,
,0,0,0,PRON,0,se,0,,
,0,0,0,VERB,0,zmiňuje,0,,
,0,0,0,NOUN,0,emisar,0,,
,0,0,0,ADJ,0,córdobského,0,,
,0,0,0,NOUN,0,chalífátu,0,,
,0,0,0,PROPN,0,Ibráhím,0,,
,0,0,0,PROPN,0,ibn,0,,
,0,0,0,PROPN,0,Ja’kúb,0,,
,0,0,0,PUNCT,0,",",0,,
,0,0,0,DET,0,který,0,,
,0,0,0,VERB,0,navštívil,0,,
,0,0,0,ADJ,0,české,0,,
,0,0,0,NOUN,0,země,0,,
,0,0,0,ADV,0,někdy,0,,
,0,1,0,ADP,1,v,1,,
,0,0,0,ADJ,0,šedesátých,0,,
,0,0,0,NOUN,0,letech,0,,
,0,0,0,ADJ,0,desátého,0,,
,0,0,0,NOUN,0,století,0,,
,0,0,0,PUNCT,0,.,0,,
,0,0,0,PROPN,0,Oskar,0,,
,0,0,0,PRON,0,se,0,,
,0,0,0,VERB,0,snažil,0,,
,0,1,0,VERB,1,skrýt,1,1,c
,0,0,0,NOUN,0,paniku,0,,
,0,0,0,CCONJ,0,a,0,,
,0,1,0,ADP,1,s,1,,
,1,1,0,ADJ,0,předstíraným,0,,
,0,0,0,NOUN,0,klidem,0,,
,0,0,0,PRON,0,se,0,,
,0,0,0,VERB,0,díval,0,,
,0,0,0,PUNCT,0,",",0,,
,0,0,0,SCONJ,0,jak,0,,
,0,0,0,ADJ,0,ledový,0,,
,0,0,0,ADJ,0,černý,0,,
,0,0,0,NOUN,0,proud,0,,
,0,0,0,VERB,0,unáší,0,,
,0,0,0,ADJ,0,nehybné,0,,
,0,0,0,ADJ,0,rybí,0,,
,0,0,0,NOUN,0,tělo,0,,
,0,0,0,ADV,0,kamsi,0,,
,0,0,0,ADP,0,k,0,,
,0,0,0,NOUN,0,pilířům,0,,
,0,0,0,ADJ,0,železničního,0,,
,0,0,0,NOUN,0,mostu,0,,
,0,0,0,PUNCT,0,.,0,,
,0,0,1,ADJ,1,Plavecký,1,1,n
,0,0,1,NOUN,1,přeborník,1,1,n
,0,0,0,NOUN,0,makak,0,,
,0,0,0,ADJ,0,jávský,0,,
,0,0,0,PUNCT,0,(,0,,
,0,0,0,X,0,Macaca,0,,
,0,0,0,X,0,fascicularis,0,,
,0,0,0,PUNCT,0,),0,,
,0,0,0,CCONJ,0,proto,0,,
,0,0,0,VERB,0,nemá,0,,
,1,1,0,ADJ,0,velkou,0,,
,0,0,0,NOUN,0,konkurenci,0,,
,0,0,0,PUNCT,0,.,0,,
,0,0,0,ADP,0,v,0,,
,0,0,0,PROPN,0,Kyjově,0,,
,0,0,0,ADV,0,zas,0,,
,0,0,0,VERB,0,odpočívám,0,,
,0,0,0,CCONJ,0,teda,0,,
,0,0,0,ADV,0,tam,0,,
,0,0,0,PRON,0,nikdo,0,,
,0,0,1,VERB,1,nechodí,1,1,x
,0,0,0,PUNCT,0,",",0,,
,0,0,0,CCONJ,0,ale,0,,
,0,0,0,PART,0,tož,0,,
,0,0,0,PUNCT,0,",",0,,
,0,0,0,AUX,0,je,0,,
,0,0,0,DET,0,to,0,,
,0,0,0,ADV,0,tam,0,,
,0,0,0,PUNCT,0,.,0,,
,1,1,0,ADV,0,nadlúho,0,,
,0,0,0,PUNCT,0,.,0,,
,0,0,0,CCONJ,0,a,0,,
,0,0,1,VERB,1,nechodí,1,1,x
,0,0,0,ADV,0,tam,0,,
,0,0,0,ADV,0,moc,0,,
,0,0,0,NOUN,0,lidí,0,,
,0,0,0,SCONJ,0,jako,0,,
,0,0,0,PUNCT,0,?,0,,
,0,0,0,PROPN,0,Oskar,0,,
,0,0,0,PRON,0,ho,0,,
,0,0,0,ADV,0,opatrně,0,,
,0,0,0,VERB,0,vyndal,0,,
,0,0,0,ADP,0,z,0,,
,0,0,0,NOUN,0,vany,0,,
,0,0,0,PUNCT,0,",",0,,
,0,0,0,VERB,0,zabalil,0,,
,0,0,0,PRON,0,ho,0,,
,0,0,0,ADP,0,do,0,,
,0,0,0,ADJ,0,mokré,0,,
,0,0,0,NOUN,0,utěrky,0,,
,0,0,0,CCONJ,0,a,0,,
,0,0,0,VERB,0,uložil,0,,
,0,0,0,ADP,0,do,0,,
,0,0,0,ADJ,0,igelitové,0,,
,0,0,0,NOUN,0,tašky,0,,
,0,0,0,PUNCT,0,.,0,,
,0,0,0,PUNCT,0,„,0,,
,0,0,1,ADJ,1,Dobrý,1,1,x
,0,0,0,NOUN,0,večer,0,,
,0,0,0,PUNCT,0,",",0,,
,0,0,0,PUNCT,0,”,0,,
,0,0,0,VERB,0,promluvil,0,,
,0,0,0,PUNCT,0,.,0,,
,0,0,0,NOUN,0,Obyvatelé,0,,
,0,0,0,ADJ,0,nedalekého,0,,
,0,0,0,PROPN,0,Somálijska,0,,
,0,0,0,DET,0,tuto,0,,
,0,0,0,NOUN,0,možnost,0,,
,0,0,1,VERB,1,nemají,1,1,c
,0,0,0,PUNCT,0,.,0,,
,0,0,0,SCONJ,0,dyby,0,,
,0,0,0,AUX,0,bylo,0,,
,0,0,0,NOUN,0,teplo,0,,
,0,0,0,ADV,0,tak,0,,
,0,0,0,ADV,0,sem,0,,
,0,0,0,VERB,0,měla,0,,
,0,0,0,ADJ,0,naplánované,0,,
,0,0,0,X,0,eee,0,,
,0,0,0,PART,0,no,0,,
,0,0,0,PUNCT,0,.,0,,
,0,0,0,SCONJ,0,jako,0,,
,0,0,0,PUNCT,0,",",0,,
,0,0,0,PART,0,no,0,,
,0,0,0,ADP,0,ve,0,,
,0,0,0,PROPN,0,Veselí,0,,
,0,0,0,NUM,0,jeden,0,,
,0,0,1,ADP,1,za,1,,
,0,0,0,ADJ,0,druhým,0,,
,0,0,0,PUNCT,0,",",0,,
,0,0,0,CCONJ,0,a,0,,
,0,0,0,ADV,0,jakto,0,,
,0,0,0,PUNCT,0,?,0,,
,0,0,0,ADV,0,jak,0,,
,0,0,0,PUNCT,0,.,0,,
,0,0,0,PART,0,tož,0,,
,0,0,0,ADP,0,v,0,,
,0,0,0,PROPN,0,Kyjově,0,,
,0,0,0,VERB,0,máme,0,,
,0,0,0,PUNCT,0,",",0,,
,0,0,0,NUM,0,tisíc,0,,
,0,0,0,NOUN,0,pojištěnců,0,,
,0,1,0,ADP,1,u,1,,
,0,0,0,NOUN,0,nasí,0,,
,0,1,0,ADP,1,u,1,,
,0,0,0,DET,0,naší,0,,
,0,0,0,NOUN,0,pojišťovny,0,,
,0,0,0,PUNCT,0,",",0,,
,0,0,0,CCONJ,0,a,0,,
,0,0,0,ADP,0,ve,0,,
,0,0,0,PROPN,0,Veselí,0,,
,0,1,0,ADP,1,přes,1,,
,0,0,0,NUM,0,šest,0,,
,0,0,0,NUM,0,tisíc,0,,
,0,0,0,PUNCT,0,",",0,,
,0,0,0,SCONJ,0,takže,0,,
,0,0,0,ADV,0,vlastně,0,,
,0,0,0,ADV,0,logicky,0,,
,0,0,1,ADP,1,k,1,,
,0,0,0,PRON,0,nám,0,,
,0,0,1,VERB,1,chodí,1,1,x
,0,0,0,ADV,0,šestkrát,0,,
,0,0,0,DET,0,tolik,0,,
,0,0,0,NOUN,0,lidí,0,,
,0,0,0,PUNCT,0,",",0,,
,0,0,0,SCONJ,0,takže,0,,
,0,0,0,SCONJ,0,dyž,0,,
,0,0,0,ADP,0,do,0,,
,0,0,0,PROPN,0,Kyjova,0,,
,0,0,1,VERB,1,dojde,1,1,n
,0,0,0,NUM,0,deset,0,,
,0,0,0,ADV,0,tak,0,,
,0,0,1,ADP,1,k,1,,
,0,0,0,PRON,0,nám,0,,
,0,0,0,NUM,0,šedesát,0,,
,0,0,0,SCONJ,0,že,0,,
,0,0,0,PUNCT,0,",",0,,
,0,0,0,CCONJ,0,a,0,,
,0,0,0,SCONJ,0,jaktože,0,,
,0,0,0,AUX,0,je,0,,
,0,0,0,ADV,0,tady,0,,
,0,0,0,DET,0,toli,0,,
,0,0,0,PUNCT,0,*,0,,
,0,1,0,ADP,1,o,1,,
,0,0,0,DET,0,tolik,0,,
,0,0,0,ADV,0,víc,0,,
,0,0,0,SCONJ,0,jako,0,,
,0,0,0,PUNCT,0,?,0,,
,0,0,0,ADV,0,Ještě,0,,
,0,1,0,ADP,1,před,1,,
,0,0,0,NOUN,0,měsícem,0,,
,0,0,0,AUX,0,bych,0,,
,0,0,0,VERB,0,nevěřila,0,,
,0,0,0,PUNCT,0,",",0,,
,0,0,0,SCONJ,0,že,0,,
,0,0,0,PRON,0,se,0,,
,0,0,0,VERB,0,dají,0,,
,0,0,0,VERB,0,sníst,0,,
,1,1,0,ADV,0,napohled,0,,
,0,0,0,ADV,0,tak,0,,
,0,0,0,ADJ,0,odpudivé,0,,
,0,0,0,NOUN,0,věci,0,,
,0,0,0,SCONJ,0,jako,0,,
,0,0,0,NOUN,0,tlačenka,0,,
,0,0,0,PUNCT,0,",",0,,
,0,0,0,NOUN,0,pajšl,0,,
,0,0,0,CCONJ,0,nebo,0,,
,0,0,0,NOUN,0,lečo,0,,
,0,0,0,PUNCT,0,.,0,,
,0,0,0,ADJ,0,První,0,,
,0,0,0,DET,0,takové,0,,
,0,0,0,NOUN,0,peníze,0,,
,0,1,0,VERB,1,zarazil,1,0,c
,0,0,0,PART,0,snad,0,,
,0,0,0,ADV,0,již,0,,
,0,0,0,NOUN,0,otec,0,,
,0,0,0,DET,0,našeho,0,,
,0,0,1,NOUN,1,hrdiny,1,1,c
,0,0,0,PUNCT,0,",",0,,
,0,0,0,PROPN,0,Boleslav,0,,
,0,0,0,NUM,0,I,0,,
,0,0,0,PUNCT,0,.,0,,
,0,0,0,PUNCT,0,",",0,,
,0,0,0,CCONJ,0,a,0,,
,0,1,0,ADP,1,do,1,,
,1,1,0,NOUN,0,konce,0,,
,0,0,0,NUM,0,10,0,,
,0,0,0,NOUN,0,století,0,,
,0,1,0,ADP,1,v,1,,
,0,1,0,NOUN,1,rukou,1,1,c
,0,0,0,DET,0,našich,0,,
,0,0,0,NOUN,0,obchodníků,0,,
,0,0,0,CCONJ,0,a,0,,
,0,0,0,ADJ,0,mohovitých,0,,
,0,0,0,NOUN,0,členů,0,,
,0,0,0,NOUN,0,společnosti,0,,
,0,0,0,ADV,0,zcela,0,,
,0,0,0,VERB,0,zdomácněly,0,,
,0,0,0,PUNCT,0,.,0,,
,0,0,0,SCONJ,0,dyž,0,,
,0,0,0,AUX,0,bude,0,,
,0,0,0,PUNCT,0,",",0,,
,0,0,0,ADV,0,krásně,0,,
,0,0,0,ADV,0,tak,0,,
,0,0,0,PRON,0,si,0,,
,0,0,0,VERB,0,dám,0,,
,0,0,0,PUNCT,0,.,0,,
,0,0,0,PUNCT,0,„,0,,
,0,0,0,DET,0,Nějaký,0,,
,0,0,0,ADJ,0,malý,0,,
,0,0,0,VERB,0,prosím,0,,
,0,0,0,PRON,0,vás,0,,
,0,0,0,PUNCT,0,.,0,,
,0,0,0,PUNCT,0,”,0,,
,0,0,0,NOUN,0,člen,0,,
,0,0,0,NOUN,0,Komise,0,,
,0,0,0,PUNCT,0,.,0,,
,0,1,0,ADP,1,V,1,,
,0,1,0,NOUN,1,duchu,1,0,c
,0,0,0,PRON,0,se,0,,
,0,0,0,VERB,0,modlil,0,,
,0,0,0,PUNCT,0,",",0,,
,0,0,0,_,0,aby,0,,
,0,0,0,DET,0,toho,0,,
,0,0,0,ADJ,0,leklýho,0,,
,0,0,0,NOUN,0,chcípáka,0,,
,0,0,0,ADV,0,konečně,0,,
c,1,1,0,VERB,1,ztratili,0,1,c
,1,1,0,ADP,0,z,0,,
,0,0,0,NOUN,0,dohledu,0,,
,0,0,0,PUNCT,0,.,0,,
,0,1,0,ADP,1,Po,1,,
,0,0,0,NOUN,0,přehlídce,0,,
,0,0,0,DET,0,těch,0,,
,0,0,0,ADJ,0,nejbizarnějších,0,,
,0,0,0,CCONJ,0,a,0,,
,0,0,0,ADJ,0,nejnepravděpodobnějších,0,,
,0,0,0,NOUN,0,poloh,0,,
,0,0,0,AUX,0,jsem,0,,
,0,0,0,PRON,0,se,0,,
,0,1,0,ADP,1,na,1,,
,0,0,0,NOUN,0,Skutky,0,,
,0,0,0,NOUN,0,apoštolů,0,,
,0,0,0,VERB,0,soustředila,0,,
,0,0,0,ADV,0,jen,0,,
,0,1,0,ADP,1,s,1,,
,0,0,1,ADJ,1,nejvyšším,1,1,c
,0,0,0,NOUN,0,vypětím,0,,
,0,0,0,PUNCT,0,.,0,,
,1,1,0,ADP,0,V,0,,
,0,0,0,NOUN,0,oblasti,0,,
,0,1,0,VERB,1,působí,1,0,c
,0,0,0,ADJ,0,mnohé,0,,
,0,0,0,ADJ,0,slovenské,0,,
,0,0,0,ADJ,0,nevládní,0,,
,0,0,0,NOUN,0,organizace,0,,
,0,0,0,CCONJ,0,a,0,,
,0,0,0,AUX,0,je,0,,
,0,0,0,ADJ,0,důležité,0,,
,0,0,0,PUNCT,0,",",0,,
,0,0,0,_,0,aby,0,,
,0,0,0,VERB,0,měly,0,,
,0,0,0,ADJ,0,potřebné,0,,
,0,0,0,NOUN,0,podmínky,0,,
,0,0,1,ADP,1,pro,1,,
,0,0,0,DET,0,svou,0,,
,0,0,0,NOUN,0,práci,0,,
,0,0,0,PUNCT,0,.,0,,
,0,0,0,_,0,Kdyby,0,,
,0,0,0,PRON,0,někdo,0,,
,0,0,1,VERB,1,uspořádal,1,1,c
,0,0,0,ADJ,0,atletické,0,,
,0,0,0,NOUN,0,přebory,0,,
,0,1,0,ADP,1,mezi,1,,
,1,1,0,NOUN,0,opicemi,0,,
,0,0,0,PUNCT,0,",",0,,
,0,1,0,VERB,1,sešla,1,1,c
,0,0,1,AUX,1,by,1,,
,0,1,0,PRON,1,se,1,,
,1,1,0,ADP,0,na,0,,
,0,1,0,NOUN,1,stupních,1,0,c
,0,0,0,NOUN,0,vítězů,0,,
,0,0,0,ADJ,0,různých,0,,
,0,0,0,NOUN,0,disciplín,0,,
,0,0,0,ADV,0,docela,0,,
,0,1,0,ADJ,1,pestrá,1,0,c
,0,1,0,NOUN,1,škála,1,1,c
,0,0,0,NOUN,0,druhů,0,,
,0,0,0,PUNCT,0,.,0,,
,0,0,0,VERB,0,Sháněl,0,,
,0,0,0,PUNCT,0,",",0,,
,0,0,0,VERB,0,zabíjel,0,,
,0,0,0,CCONJ,0,a,0,,
,0,0,0,VERB,0,smažil,0,,
,0,0,0,NOUN,0,kapry,0,,
,0,0,0,PUNCT,0,",",0,,
,0,0,0,VERB,0,kupoval,0,,
,0,0,0,CCONJ,0,a,0,,
,0,0,0,VERB,0,zdobil,0,,
,0,0,0,NOUN,0,stromek,0,,
,0,0,0,PUNCT,0,",",0,,
,0,0,0,ADV,0,pečlivě,0,,
,0,0,0,VERB,0,balil,0,,
,0,0,0,NOUN,0,dárky,0,,
,0,0,0,CCONJ,0,a,0,,
,0,1,0,ADP,1,k,1,,
,0,0,0,NOUN,0,večeři,0,,
,0,0,0,PRON,0,se,0,,
,0,0,0,VERB,0,převlékal,0,,
,1,1,0,ADP,0,do,0,,
,0,0,0,ADJ,0,slavnostního,0,,
,0,0,0,PUNCT,0,.,0,,
,0,0,0,NOUN,0,Blízkost,0,,
,0,0,0,NOUN,0,vody,0,,
,0,0,0,VERB,0,vyhledává,0,,
,0,0,0,ADV,0,záměrně,0,,
,0,0,0,PUNCT,0,",",0,,
,0,0,0,AUX,0,je,0,,
,0,0,0,ADJ,0,vynikající,0,,
,0,0,0,NOUN,0,plavec,0,,
,0,0,0,CCONJ,0,a,0,,
,0,0,0,ADP,0,ve,0,,
,0,0,0,NOUN,0,vodě,0,,
,0,0,0,VERB,0,nehledá,0,,
,0,0,0,ADV,0,jen,0,,
,0,0,0,NOUN,0,potravu,0,,
,0,0,0,PUNCT,0,",",0,,
,0,0,0,CCONJ,0,ale,0,,
,0,0,0,CCONJ,0,i,0,,
,0,0,0,NOUN,0,záchranu,0,,
,0,1,0,ADP,1,před,1,,
,0,0,0,NOUN,0,predátory,0,,
,0,0,0,PUNCT,0,.,0,,
,0,0,0,CCONJ,0,ale,0,,
,0,0,0,PUNCT,0,",",0,,
,0,0,0,CCONJ,0,a,0,,
,0,0,0,PART,0,tož,0,,
,0,0,0,ADV,0,tak,0,,
,0,0,0,PART,0,no,0,,
,0,0,0,PUNCT,0,.,0,,
,0,0,0,ADV,0,tak,0,,
,0,0,0,ADV,0,sem,0,,
,0,0,0,CCONJ,0,ale,0,,
,0,0,0,PRON,0,já,0,,
,0,0,0,ADV,0,sem,0,,
,0,0,0,DET,0,tento,0,,
,0,0,0,NOUN,0,týden,0,,
,0,0,0,VERB,0,neměla,0,,
,0,0,0,NOUN,0,čas,0,,
,0,0,0,DET,0,to,0,,
,0,0,0,PUNCT,0,",",0,,
,0,0,0,PRON,0,já,0,,
,0,0,0,ADV,0,sem,0,,
,0,0,0,PRON,0,si,0,,
,0,0,0,VERB,0,myslela,0,,
,0,0,0,SCONJ,0,že,0,,
,0,0,0,DET,0,to,0,,
,0,0,0,ADV,0,tam,0,,
,0,0,0,AUX,0,bude,0,,
,0,0,0,SCONJ,0,že,0,,
,0,0,0,DET,0,to,0,,
,1,1,0,VERB,0,přešiju,0,,
,0,0,0,PUNCT,0,.,0,,
,0,0,0,NOUN,0,Zásoby,0,,
,0,0,0,NOUN,0,masa,0,,
,0,0,0,VERB,0,odhaduji,0,,
,0,0,0,ADV,0,tak,0,,
,0,1,0,ADP,1,na,1,,
,0,0,0,NOUN,0,rok,0,,
,0,0,0,PUNCT,0,.,0,,
,0,0,0,DET,0,Každý,0,,
,0,0,0,NOUN,0,druh,0,,
,0,0,0,CCONJ,0,totiž,0,,
,0,0,1,VERB,1,trénuje,1,1,n
,0,0,0,ADV,0,jen,0,,
,0,0,0,DET,0,to,0,,
,0,0,0,PUNCT,0,",",0,,
,0,0,0,PRON,0,co,0,,
,0,0,0,ADP,0,ve,0,,
,0,0,0,DET,0,svém,0,,
,0,0,0,NOUN,0,prostředí,0,,
,0,0,0,ADV,0,nutně,0,,
,0,0,0,VERB,0,potřebuje,0,,
,0,1,0,ADP,1,k,1,,
,0,0,0,NOUN,0,přežití,0,,
,0,0,0,PUNCT,0,.,0,,
,0,0,0,ADV,0,Ostatně,0,,
,0,0,0,PRON,0,co,0,,
,0,0,0,PRON,0,se,0,,
,0,0,0,NOUN,0,stravy,0,,
,0,0,0,VERB,0,týká,0,,
,0,0,0,PUNCT,0,-,0,,
,0,0,0,AUX,0,jsem,0,,
,0,0,0,ADJ,0,překvapená,0,,
,0,0,0,PUNCT,0,",",0,,
,0,0,0,ADV,0,jak,0,,
,0,0,0,ADV,0,rychle,0,,
,0,0,0,AUX,0,jsem,0,,
,0,0,0,PRON,0,si,0,,
,0,0,0,VERB,0,zvykla,0,,
,0,1,0,ADP,1,na,1,,
,0,0,1,NOUN,1,kuchyni,1,0,c
,0,0,0,NOUN,0,paní,0,,
,0,0,0,PROPN,0,Tiché,0,,
,0,0,0,PUNCT,0,.,0,,
,0,0,1,ADP,1,O,1,,
,0,0,0,DET,0,tom,0,,
,0,0,0,VERB,0,uslyšíme,0,,
,0,0,0,ADV,0,více,0,,
,0,0,0,ADV,0,později,0,,
,0,0,0,PUNCT,0,.,0,,
,0,0,0,PART,0,jo,0,,
,0,0,0,PUNCT,0,.,0,,
,0,0,0,ADV,0,přesně,0,,
,0,0,0,PUNCT,0,.,0,,
,0,0,0,PUNCT,0,„,0,,
,0,0,0,ADV,0,Určitě,0,,
,0,0,0,PUNCT,0,.,0,,
,0,0,0,SCONJ,0,Jak,0,,
,0,1,0,ADP,1,před,1,,
,0,0,0,NOUN,0,chvílí,0,,
,0,0,0,VERB,0,řekl,0,,
,0,0,0,NOUN,0,pan,0,,
,0,0,0,NOUN,0,kolega,0,,
,0,0,0,NOUN,0,poslanec,0,,
,0,0,0,PROPN,0,Goerens,0,,
,0,0,0,PUNCT,0,",",0,,
,0,0,0,PRON,0,jenž,0,,
,0,0,0,AUX,0,byl,0,,
,0,0,0,ADV,0,tak,0,,
,0,0,0,ADJ,0,laskav,0,,
,0,0,0,CCONJ,0,a,0,,
,0,0,1,VERB,1,obrátil,1,1,x
,0,0,0,PRON,0,se,0,,
,0,1,0,ADP,1,při,1,,
,0,0,0,DET,0,této,0,,
,0,0,0,NOUN,0,příležitosti,0,,
,0,1,0,ADP,1,na,1,,
,0,0,0,PRON,0,mne,0,,
,0,0,0,PUNCT,0,",",0,,
,0,0,0,NOUN,0,lidé,0,,
,0,0,0,VERB,0,mohou,0,,
,0,1,0,VERB,1,mít,1,1,c
,0,0,0,NOUN,0,právo,0,,
,0,1,0,ADP,1,na,1,,
,0,0,0,DET,0,to,0,,
,0,0,0,PUNCT,0,",",0,,
,0,0,0,_,0,aby,0,,
,0,0,0,VERB,0,nemuseli,0,,
,0,0,0,VERB,0,žít,0,,
,0,1,0,ADP,1,podle,1,,
,0,0,0,NOUN,0,práva,0,,
,0,0,0,NOUN,0,šaría,0,,
,0,0,0,PUNCT,0,.,0,,
,0,0,0,PUNCT,0,„,0,,
,0,0,0,VERB,0,Neboj,0,,
,0,0,0,PUNCT,0,",",0,,
,0,0,0,AUX,0,bude,0,,
,0,1,0,ADP,1,v,1,,
c,1,1,0,NOUN,1,pohodě,0,0,c
,0,0,0,PUNCT,0,",",0,,
,0,0,0,PUNCT,0,”,0,,
,0,0,0,VERB,0,ujistil,0,,
,0,0,0,NOUN,0,syna,0,,
,0,0,0,PUNCT,0,.,0,,
,0,0,0,VERB,0,Řekla,0,,
,0,0,0,AUX,0,jsem,0,,
,0,0,0,PRON,0,mu,0,,
,0,0,0,PUNCT,0,",",0,,
,0,0,0,SCONJ,0,že,0,,
,0,0,1,ADP,1,o,1,,
,0,0,0,DET,0,tom,0,,
,0,0,0,AUX,0,budu,0,,
,0,0,0,VERB,0,přemýšlet,0,,
,0,0,0,PUNCT,0,",",0,,
,0,0,0,CCONJ,0,ale,0,,
,0,0,0,ADP,0,vzhledem,0,,
,0,1,0,ADP,1,k,1,,
,0,0,0,DET,0,naší,0,,
,0,0,0,ADJ,0,finanční,0,,
,0,0,0,NOUN,0,situaci,0,,
,0,0,0,AUX,0,je,0,,
,0,1,0,ADJ,1,jasné,1,1,c
,0,0,0,PUNCT,0,",",0,,
,0,0,0,SCONJ,0,že,0,,
,0,1,0,NOUN,1,muflony,1,1,n
,0,0,0,CCONJ,0,a,0,,
,0,0,0,DET,0,jejich,0,,
,0,0,0,NOUN,0,peníze,0,,
,0,0,0,AUX,0,budeme,0,,
,0,0,0,VERB,0,potřebovat,0,,
,0,0,0,PUNCT,0,.,0,,
,0,0,0,DET,0,Jejich,0,,
,0,0,0,NOUN,0,pohyb,0,,
,0,0,0,PUNCT,0,",",0,,
,0,0,0,ADV,0,kdy,0,,
,0,0,0,PRON,0,se,0,,
,0,0,0,ADJ,0,mohutným,0,,
,0,0,0,NOUN,0,zhoupnutím,0,,
,0,0,0,CCONJ,0,a,0,,
,0,0,0,NOUN,0,švihem,0,,
,0,0,0,NOUN,0,paže,0,,
,0,0,0,VERB,0,přemísťují,0,,
,0,0,0,ADP,0,z,0,,
,0,0,0,NUM,0,jedné,0,,
,0,0,0,NOUN,0,větve,0,,
,1,1,0,ADP,0,na,0,,
,0,0,0,ADJ,0,druhou,0,,
,0,0,0,PUNCT,0,",",0,,
,0,0,0,PRON,0,se,0,,
,1,1,0,ADV,0,odborně,0,,
,0,0,0,VERB,0,jmenuje,0,,
,0,0,0,NOUN,0,brachiace,0,,
,0,0,0,CCONJ,0,a,0,,
,0,0,0,NOUN,0,gibboni,0,,
,0,1,0,ADP,1,v,1,,
,0,0,0,PRON,0,něm,0,,
,0,0,0,VERB,0,překonávají,0,,
,0,0,0,NUM,0,nejeden,0,,
,0,0,0,ADJ,0,atletický,0,,
,0,0,0,NOUN,0,rekord,0,,
,0,0,0,PUNCT,0,.,0,,
,0,0,0,NOUN,0,Otec,0,,
,0,0,0,PRON,0,se,0,,
,0,0,0,VERB,0,vrátil,0,,
,0,0,0,ADJ,0,zasmušilý,0,,
,0,0,0,PUNCT,0,.,0,,
,0,0,0,DET,0,Moji,0,,
,0,0,0,NOUN,0,námitku,0,,
,0,0,0,PUNCT,0,",",0,,
,0,0,0,SCONJ,0,že,0,,
,0,0,0,DET,0,jejího,0,,
,0,0,0,NOUN,0,dědečka,0,,
,0,0,0,VERB,0,zastřelili,0,,
,0,0,0,PROPN,0,Japonci,0,,
,0,0,0,ADP,0,na,0,,
,0,0,0,PROPN,0,Filipínách,0,,
,0,0,0,PUNCT,0,",",0,,
,0,1,0,VERB,1,přešla,1,0,c
,0,0,0,NOUN,0,mávnutím,0,,
,0,0,0,NOUN,0,ruky,0,,
,0,0,0,PUNCT,0,.,0,,
,0,0,0,VERB,0,můžeme,0,,
,0,0,0,PRON,0,si,0,,
,0,0,0,VERB,0,představovat,0,,
,0,0,0,ADJ,0,různé,0,,
,0,0,0,NOUN,0,druhy,0,,
,0,0,0,ADJ,0,orientálního,0,,
,0,0,0,NOUN,0,zboží,0,,
,0,0,0,PUNCT,0,",",0,,
,0,0,0,PRON,0,jichž,0,,
,0,0,0,AUX,0,bylo,0,,
,0,1,0,ADP,1,na,1,,
,0,0,0,ADJ,0,pobaltských,0,,
,0,0,1,NOUN,1,trzích,1,0,c
,0,0,0,ADV,0,dost,0,,
,0,0,0,CCONJ,0,a,0,,
,0,0,0,ADV,0,dost,0,,
,0,0,0,PUNCT,0,.,0,,
,0,0,0,ADV,0,Dnes,0,,
,0,1,0,ADP,1,v,1,,
,0,0,0,NOUN,0,noci,0,,
,0,0,0,PRON,0,se,0,,
,0,0,0,ADP,0,v,0,,
,0,0,0,ADJ,0,umělé,0,,
,0,0,0,NOUN,0,líhni,0,,
,1,1,0,VERB,0,narodila,0,,
,0,0,0,ADJ,0,další,0,,
,0,0,1,NOUN,1,várka,1,1,n
,0,0,0,NOUN,0,housat,0,,
,0,0,0,PUNCT,0,.,0,,
,0,0,0,ADP,0,Bez,0,,
,0,0,0,NOUN,0,udice,0,,
,0,0,0,PUNCT,0,",",0,,
,0,0,0,PART,0,jen,0,,
,0,0,0,ADV,0,tak,0,,
,0,0,0,NOUN,0,rukama,0,,
,0,0,0,PUNCT,0,!,0,,
,0,0,0,PUNCT,0,„,0,,
,0,0,0,VERB,0,Přísahám,0,,
,0,0,0,PRON,0,ti,0,,
,0,0,0,PUNCT,0,",",0,,
,0,0,0,SCONJ,0,že,0,,
,0,0,0,PRON,0,se,0,,
,0,1,0,ADP,1,za,1,,
,0,0,0,NOUN,0,chvíli,0,,
,0,0,0,VERB,0,vzpamatuje,0,,
,0,0,0,PUNCT,0,!,0,,
,0,0,0,PUNCT,0,”,0,,
,0,0,0,VERB,0,řekl,0,,
,1,1,0,ADP,0,s,0,,
,0,0,0,ADJ,0,maximální,0,,
,0,0,0,ADJ,0,možnou,0,,
,0,0,0,NOUN,0,přesvědčivostí,0,,
,0,0,0,PUNCT,0,.,0,,
,0,0,0,PUNCT,0,„,0,,
,0,0,0,AUX,0,Není,0,,
,0,0,0,ADJ,0,mrtvej,0,,
,0,0,0,PUNCT,0,",",0,,
,0,0,0,SCONJ,0,že,0,,
,0,0,0,PART,0,ne,0,,
,0,0,0,PUNCT,0,?,0,,
,0,0,0,PUNCT,0,”,0,,
,0,0,0,VERB,0,tázalo,0,,
,0,0,0,PRON,0,se,0,,
,0,1,0,ADP,1,s,1,,
,0,0,0,NOUN,0,úzkostí,0,,
,0,0,1,ADP,1,v,1,,
,0,0,0,NOUN,0,hlase,0,,
,0,0,0,PUNCT,0,.,0,,
,0,0,0,SCONJ,0,prtože,0,,
,0,0,0,ADV,0,tam,0,,
,0,0,0,AUX,0,bylo,0,,
,0,0,0,PUNCT,0,",",0,,
,0,1,0,ADP,1,od,1,,
,0,0,0,NUM,0,jedné,0,,
,0,0,0,NOUN,0,hodiny,0,,
,0,0,0,ADV,0,tam,0,,
,0,0,0,AUX,0,byl,0,,
,0,0,0,NOUN,0,jarmak,0,,
,0,0,0,PUNCT,0,",",0,,
,0,0,0,ADP,0,v,0,,
,0,0,0,DET,0,té,0,,
,0,0,0,ADJ,0,nádražní,0,,
,0,0,0,NOUN,0,ulici,0,,
,0,0,0,CCONJ,0,ale,0,,
,0,0,0,PRON,0,my,0,,
,0,0,0,AUX,0,sme,0,,
,0,0,0,ADV,0,tam,0,,
,0,0,0,ADV,0,nikdy,0,,
,0,0,0,AUX,0,nebyli,0,,
,0,0,0,CCONJ,0,ani,0,,
,1,1,0,ADP,0,s,0,,
,0,0,0,NOUN,0,taťkou,0,,
,0,0,0,ADV,0,tak,0,,
,0,0,0,PRON,0,já,0,,
,0,0,0,VERB,0,nevím,0,,
,0,0,0,ADV,0,jak,0,,
,0,0,0,DET,0,to,0,,
,0,0,0,ADV,0,tam,0,,
,0,0,0,VERB,0,vypadá,0,,
,0,0,0,PUNCT,0,",",0,,
,0,0,0,CCONJ,0,ale,0,,
,0,1,0,ADP,1,od,1,,
,0,0,0,NUM,0,jedné,0,,
,0,0,0,NOUN,0,hodiny,0,,
,0,0,0,NOUN,0,jarmak,0,,
,0,0,0,CCONJ,0,a,0,,
,0,0,0,ADV,0,teďka,0,,
,0,0,0,VERB,0,nevím,0,,
,0,0,0,PRON,0,jesi,0,,
,0,0,0,PART,0,eee,0,,
,0,1,0,ADP,1,od,1,,
,0,0,0,NOUN,0,odpoledne,0,,
,0,0,0,ADV,0,prostě,0,,
,0,0,0,ADV,0,tam,0,,
,0,0,0,NOUN,0,výstava,0,,
,0,0,0,NOUN,0,veteránů,0,,
,0,0,0,NOUN,0,aut,0,,
,0,0,0,CCONJ,0,a,0,,
,0,0,0,X,0,eee,0,,
,0,0,1,NOUN,1,kol,1,0,c
,0,0,0,CCONJ,0,a,0,,
,0,0,0,NOUN,0,veteráni,0,,
,0,0,0,NOUN,0,cyk,0,,
,0,0,0,PUNCT,0,*,0,,
,0,0,0,NOUN,0,cyklisti,0,,
,0,0,0,ADV,0,tam,0,,
,0,0,0,DET,0,ňákou,0,,
,0,0,0,NOUN,0,jízdu,0,,
,0,0,0,ADP,0,na,0,,
,0,0,0,DET,0,tom,0,,
,0,0,0,ADJ,0,lázeňském,0,,
,0,0,0,NOUN,0,náměstí,0,,
,0,0,0,ADP,0,u,0,,
,0,0,0,ADJ,0,Jurkovičového,0,,
,0,0,0,NOUN,0,domu,0,,
,0,0,0,CCONJ,0,a,0,,
,0,0,0,ADV,0,tak,0,,
,0,0,0,ADV,0,sem,0,,
,0,0,0,PRON,0,si,0,,
,0,0,0,ADV,0,právě,0,,
,0,0,0,ADV,0,tak,0,,
,0,0,0,VERB,0,naplánovala,0,,
,0,0,0,SCONJ,0,že,0,,
,0,0,0,ADV,0,pěkně,0,,
,0,0,0,PUNCT,0,.,0,,
,0,0,0,PROPN,0,Oskar,0,,
,0,0,0,CCONJ,0,sice,0,,
,0,0,0,ADV,0,zrovna,0,,
,0,0,1,VERB,1,chodil,1,0,c
,1,1,0,ADP,0,s,0,,
,0,0,0,ADJ,0,jistou,0,,
,0,0,0,ADJ,0,mladou,0,,
,0,0,0,NOUN,0,dívkou,0,,
,0,0,0,PUNCT,0,",",0,,
,0,0,0,CCONJ,0,ale,0,,
,0,0,0,DET,0,tu,0,,
,0,0,0,ADV,0,tak,0,,
,0,0,0,ADV,0,často,0,,
,0,0,0,VERB,0,přesvědčoval,0,,
,0,0,0,ADP,0,o,0,,
,0,0,0,DET,0,své,0,,
,0,0,0,NOUN,0,potřebě,0,,
,0,0,0,NOUN,0,samoty,0,,
,0,0,0,CCONJ,0,a,0,,
,0,0,0,NOUN,0,nezávislosti,0,,
,0,0,0,PUNCT,0,",",0,,
,0,0,0,SCONJ,0,že,0,,
,0,0,0,PRON,0,ji,0,,
,1,1,0,ADP,0,po,0,,
,1,1,0,NOUN,0,pravdě,0,,
,1,1,0,ADJ,0,řečeno,0,,
,0,0,0,PART,0,vůbec,0,,
,0,0,1,VERB,1,nenapadlo,1,0,c
,0,0,0,PUNCT,0,",",0,,
,0,0,0,_,0,aby,0,,
,0,1,0,ADP,1,na,1,,
,0,0,0,PROPN,0,Vánoce,0,,
,0,0,0,VERB,0,zůstala,0,,
,1,1,0,ADP,0,s,0,,
,0,0,0,PRON,0,ním,0,,
,0,0,0,PUNCT,0,",",0,,
,0,0,0,CCONJ,0,a,0,,
,0,0,0,VERB,0,odjela,0,,
,0,1,0,ADP,1,na,1,,
,0,0,0,NUM,0,čtrnáct,0,,
,0,0,0,NOUN,0,dní,0,,
,0,0,0,ADP,0,k,0,,
,0,0,0,NOUN,0,rodičům,0,,
,0,0,1,ADP,1,na,1,,
,0,0,0,PROPN,0,Moravu,0,,
,0,0,0,PUNCT,0,.,0,,
,0,0,0,_,0,Kdyby,0,,
,0,0,0,VERB,0,mohl,0,,
,0,0,0,PUNCT,0,",",0,,
,0,0,0,ADV,0,nejradši,0,,
,0,0,0,AUX,0,by,0,,
,0,0,0,PRON,0,se,0,,
,0,1,0,ADP,1,na,1,,
,0,0,0,ADJ,0,celý,0,,
,0,0,0,DET,0,ty,0,,
,0,0,1,ADJ,1,slavný,1,,
,0,0,0,PROPN,0,Vánoce,0,,
,0,1,0,VERB,1,vykašlal,1,0,c
,0,0,0,PUNCT,0,",",0,,
,0,0,0,VERB,0,říkal,0,,
,0,0,0,PRON,0,si,0,,
,0,0,0,PROPN,0,Oskar,0,,
,0,0,0,PUNCT,0,-,0,,
,0,0,0,CCONJ,0,jenže,0,,
,0,0,0,VERB,0,nemohl,0,,
,0,0,0,PUNCT,0,.,0,,
,0,0,0,PROPN,0,Oskar,0,,
,0,0,0,ADP,0,k,0,,
,0,0,0,PRON,0,němu,0,,
,0,0,0,VERB,0,přiklekl,0,,
,0,0,0,CCONJ,0,a,0,,
,0,0,0,VERB,0,uchopil,0,,
,0,0,0,PRON,0,ho,0,,
,0,0,0,ADP,0,za,0,,
,0,0,0,NOUN,0,ramena,0,,
,0,0,0,PUNCT,0,.,0,,
,0,1,0,ADP,1,U,1,,
,0,0,0,NOUN,0,snídaně,0,,
,0,0,0,AUX,0,byl,0,,
,0,0,0,NOUN,0,otec,0,,
,0,0,0,ADV,0,stále,0,,
,0,0,0,ADJ,0,zasmušilý,0,,
,0,0,0,PUNCT,0,.,0,,
,0,0,0,CCONJ,0,A,0,,
,0,0,0,SCONJ,0,protože,0,,
,0,0,0,PRON,0,si,0,,
,0,0,0,ADV,0,nikdy,0,,
,0,0,0,AUX,0,není,0,,
,0,0,0,ADJ,0,jistá,0,,
,0,0,0,PUNCT,0,",",0,,
,0,0,0,SCONJ,0,že,0,,
,0,0,0,VERB,0,najde,0,,
,0,0,0,ADJ,0,vhodný,0,,
,0,0,0,NOUN,0,kámen,0,,
,0,0,0,ADV,0,pokaždé,0,,
,0,0,0,PUNCT,0,",",0,,
,0,0,0,SCONJ,0,když,0,,
,0,0,0,PRON,0,ho,0,,
,0,0,0,VERB,0,potřebuje,0,,
,0,0,0,PUNCT,0,",",0,,
,0,0,1,VERB,1,posiluje,1,0,c
,0,0,0,CCONJ,0,i,0,,
,0,1,0,ADP,1,za,1,,
,0,0,0,NOUN,0,chůze,0,,
,0,0,0,PUNCT,0,-,0,,
,0,0,0,ADP,0,pro,0,,
,0,0,0,NOUN,0,jistotu,0,,
,0,0,0,PRON,0,si,0,,
,0,0,0,PRON,0,ho,0,,
,0,0,0,VERB,0,nosí,0,,
,0,0,0,ADP,0,s,0,,
,0,0,0,PRON,0,sebou,0,,
,0,0,0,PUNCT,0,.,0,,
,0,1,0,ADP,1,Na,1,,
,0,0,0,NOUN,0,jihozápad,0,,
,0,0,0,VERB,0,zajížděli,0,,
,0,0,0,ADP,0,proti,0,,
,0,0,0,NOUN,0,toku,0,,
,0,0,0,ADJ,0,horního,0,,
,0,0,0,PROPN,0,Dunaje,0,,
,0,0,0,PART,0,až,0,,
,0,0,0,ADP,0,do,0,,
,0,0,0,PROPN,0,Würzburku,0,,
,0,0,0,CCONJ,0,a,0,,
,0,0,0,PROPN,0,Mohuče,0,,
,0,0,0,CCONJ,0,a,0,,
,0,1,0,ADP,1,na,1,,
,0,0,0,NOUN,0,jihovýchod,0,,
,0,0,0,PRON,0,se,0,,
,0,0,0,ADV,0,naopak,0,,
,0,0,0,VERB,0,vypravovali,0,,
,0,0,0,ADP,0,po,0,,
,0,0,0,NOUN,0,proudu,0,,
,0,0,0,PROPN,0,Dunaje,0,,
,0,0,0,PART,0,až,0,,
,0,0,0,ADP,0,k,0,,
,0,0,0,ADJ,0,Černému,0,,
,0,0,0,NOUN,0,moři,0,,
,0,0,0,PUNCT,0,.,0,,
,0,0,0,DET,0,Ty,0,,
,0,0,0,NUM,0,čtyři,0,,
,0,0,0,NOUN,0,místnosti,0,,
,0,0,0,PUNCT,0,",",0,,
,0,0,0,ADV,0,kde,0,,
,0,0,0,ADV,0,několikrát,0,,
,0,0,0,VERB,0,přenocoval,0,,
,0,0,0,PROPN,0,Heinrich,0,,
,0,0,0,PROPN,0,Himmler,0,,
,0,0,0,PUNCT,0,",",0,,
,0,0,0,AUX,0,jsou,0,,
,0,0,0,ADV,0,mnohem,0,,
,1,1,0,ADJ,0,útulnější,0,,
,0,0,0,SCONJ,0,než,0,,
,0,0,0,DET,0,náš,0,,
,0,0,0,NOUN,0,byt,0,,
,0,0,0,CCONJ,0,a,0,,
,0,0,0,ADV,0,hlavně,0,,
,0,0,0,PUNCT,0,-,0,,
,0,0,0,VERB,0,mají,0,,
,0,0,0,NOUN,0,koupelnu,0,,
,0,0,0,PUNCT,0,!,0,,
,0,1,0,ADP,1,Na,1,,
,0,0,0,DET,0,můj,0,,
,0,0,0,ADJ,0,udivený,0,,
,0,0,0,NOUN,0,dotaz,0,,
,0,0,0,PUNCT,0,",",0,,
,0,0,0,ADV,0,proč,0,,
,0,0,0,VERB,0,chodí,0,,
,0,0,1,ADP,1,k,1,,
,0,0,0,PROPN,0,Himmlerovi,0,,
,0,0,0,NOUN,0,mufloni,0,,
,0,0,0,PUNCT,0,",",0,,
,0,0,0,ADV,0,kde,0,,
,0,0,0,PRON,0,se,0,,
,0,0,0,VERB,0,berou,0,,
,0,0,0,CCONJ,0,a,0,,
,0,0,0,ADV,0,jak,0,,
,0,0,0,PRON,0,se,0,,
,0,0,0,ADV,0,tam,0,,
,0,0,0,VERB,0,dostanou,0,,
,0,0,0,PUNCT,0,",",0,,
,0,0,0,PRON,0,mi,0,,
,0,0,0,VERB,0,řekl,0,,
,0,0,0,PUNCT,0,",",0,,
,0,0,0,SCONJ,0,že,0,,
,1,1,0,NOUN,0,muflon,0,,
,0,0,0,AUX,0,je,0,,
,0,0,0,ADJ,0,slangový,0,,
,0,0,0,NOUN,0,výraz,0,,
,0,0,0,ADP,0,pro,0,,
,0,0,0,NOUN,0,návštěvníka,0,,
,0,0,0,PUNCT,0,.,0,,
,0,0,0,ADJ,0,Pozorovatelská,0,,
,0,0,0,NOUN,0,mise,0,,
,0,0,0,ADJ,0,Evropského,0,,
,0,0,0,NOUN,0,parlamentu,0,,
,0,0,0,AUX,0,bude,0,,
,0,0,0,ADV,0,zapotřebí,0,,
,0,0,0,CCONJ,0,i,0,,
,0,1,0,ADP,1,při,1,,
,0,0,0,DET,0,tomto,0,,
,0,0,0,ADJ,0,dodatečném,0,,
,0,0,0,NOUN,0,hlasování,0,,
,0,0,0,PUNCT,0,.,0,,
,0,0,0,SCONJ,0,Než,0,,
,0,0,0,VERB,0,dorazili,0,,
,0,0,0,ADP,0,k,0,,
,0,0,0,NOUN,0,řece,0,,
,0,0,0,PUNCT,0,",",0,,
,0,0,0,VERB,0,setmělo,0,,
,0,0,0,PRON,0,se,0,,
,0,0,0,PUNCT,0,.,0,,
,0,0,0,VERB,0,Živí,0,,
,0,0,0,PRON,0,se,0,,
,0,0,0,DET,0,těmi,0,,
,0,0,0,ADJ,0,nejtvrdšími,0,,
,0,0,0,NOUN,0,ořechy,0,,
,0,0,0,PUNCT,0,",",0,,
,0,0,0,DET,0,jaké,0,,
,0,0,0,ADP,0,v,0,,
,0,0,0,ADJ,0,jihoamerické,0,,
,0,0,0,NOUN,0,džungli,0,,
,0,0,0,VERB,0,rostou,0,,
,0,0,0,PUNCT,0,",",0,,
,0,0,0,CCONJ,0,a,0,,
,0,0,0,SCONJ,0,jako,0,,
,0,0,0,ADJ,0,jediní,0,,
,0,0,0,ADJ,0,zdejší,0,,
,0,0,0,NOUN,0,obyvatelé,0,,
,0,0,0,PRON,0,si,0,,
,0,1,0,ADP,1,s,1,,
,0,0,0,DET,0,jejich,0,,
,0,0,0,NOUN,0,skořápkou,0,,
,0,0,0,VERB,0,umí,0,,
,0,0,0,VERB,0,poradit,0,,
,0,0,0,PUNCT,0,.,0,,
,0,0,1,VERB,1,Zdá,1,0,c
,0,0,1,PRON,1,se,1,,
,0,0,0,PUNCT,0,",",0,,
,0,0,0,SCONJ,0,že,0,,
,0,0,0,PROPN,0,Čechové,0,,
,0,0,0,ADJ,0,desátého,0,,
,0,0,0,NOUN,0,století,0,,
,0,0,0,VERB,0,užívali,0,,
,0,0,0,DET,0,oněch,0,,
,0,1,0,NOUN,1,šátečků,1,0,n
,0,0,0,SCONJ,0,co,0,,
,0,0,0,PUNCT,0,„,0,,
,0,0,1,ADJ,1,drobných,1,0,c
,0,0,0,PUNCT,0,“,0,,
,0,0,0,PUNCT,0,",",0,,
,0,0,0,CCONJ,0,neboť,0,,
,0,0,0,ADJ,0,stříbrná,0,,
,0,0,0,NOUN,0,mince,0,,
,0,0,0,VERB,0,měla,0,,
,0,1,0,ADP,1,podle,1,,
,0,0,0,ADJ,0,Ibráhímových,0,,
,0,0,0,NOUN,0,údajů,0,,
,0,0,0,NOUN,0,hodnotu,0,,
,0,0,0,ADV,0,poměrně,0,,
,0,1,0,ADJ,1,vysokou,1,1,c
,0,0,0,PUNCT,0,.,0,,
,0,0,1,ADP,1,Na,1,,
,0,0,1,NOUN,1,rohu,1,1,c
,0,0,0,ADJ,0,Spálené,0,,
,0,0,0,NOUN,0,ulice,0,,
,0,0,0,VERB,0,uviděl,0,,
,0,0,0,NUM,0,dva,0,,
,0,0,0,NOUN,0,muže,0,,
,0,0,0,ADP,0,v,0,,
,0,0,0,ADJ,0,zakrvácených,0,,
,0,0,0,ADJ,0,gumových,0,,
,0,0,0,NOUN,0,zástěrách,0,,
,0,0,0,ADJ,0,prodávající,0,,
,0,0,0,NOUN,0,kapry,0,,
,0,0,0,PUNCT,0,",",0,,
,0,0,0,NOUN,0,voda,0,,
,0,0,0,ADP,0,ze,0,,
,0,0,0,ADJ,0,žlutých,0,,
,0,0,0,NOUN,0,kádí,0,,
,0,0,0,VERB,0,přetékala,0,,
,0,0,0,ADP,0,přes,0,,
,0,0,0,NOUN,0,okraj,0,,
,0,0,0,ADP,0,na,0,,
,0,0,0,NOUN,0,chodník,0,,
,0,0,0,PUNCT,0,",",0,,
,0,0,0,ADV,0,kde,0,,
,0,0,0,VERB,0,přimrzala,0,,
,0,0,0,PUNCT,0,.,0,,
,0,0,0,PUNCT,0,”,0,,
,0,0,0,PUNCT,0,„,0,,
,0,0,0,ADV,0,Určitě,0,,
,0,0,0,PUNCT,0,",",0,,
,0,0,0,NOUN,0,tati,0,,
,0,0,0,PUNCT,0,?,0,,
,0,0,0,PUNCT,0,”,0,,
,0,0,0,VERB,0,řekl,0,,
,0,0,0,NOUN,0,chlapec,0,,
,0,0,0,CCONJ,0,a,0,,
,0,0,0,VERB,0,zajíkl,0,,
,0,0,0,PRON,0,se,0,,
,0,0,0,PUNCT,0,.,0,,
,0,0,0,CCONJ,0,A,0,,
,0,0,0,SCONJ,0,protože,0,,
,0,0,0,PRON,0,se,0,,
,0,0,0,DET,0,tento,0,,
,0,0,0,ADJ,0,rekordní,0,,
,0,0,1,NOUN,1,výkon,1,0,c
,0,0,0,VERB,0,odehrává,0,,
,0,0,0,ADV,0,vysoko,0,,
,0,0,0,ADP,0,v,0,,
,0,0,1,NOUN,1,korunách,1,0,c
,0,0,0,NOUN,0,stromů,0,,
,0,0,0,PUNCT,0,",",0,,
,0,0,0,ADV,0,kde,0,,
,0,0,0,NOUN,0,indri,0,,
,0,1,0,VERB,1,překonává,1,1,c
,0,0,0,NOUN,0,vzdálenost,0,,
,0,0,0,ADP,0,mezi,0,,
,0,0,0,NUM,0,dvěma,0,,
,0,0,0,NOUN,0,kmeny,0,,
,0,0,0,PUNCT,0,",",0,,
,0,0,0,VERB,0,nemůže,0,,
,0,0,0,PRON,0,se,0,,
,0,0,0,VERB,0,rozběhnout,0,,
,0,0,0,PUNCT,0,.,0,,
,0,0,0,CCONJ,0,I,0,,
,0,1,0,ADP,1,po,1,,
,0,1,0,NOUN,1,vyhlášení,1,1,c
,0,0,0,NOUN,0,nezávislosti,0,,
,0,0,0,VERB,0,zůstane,0,,
,0,0,0,ADJ,0,jižní,0,,
,0,0,0,PROPN,0,Súdán,0,,
,0,0,0,NUM,0,jednou,0,,
,0,1,0,ADP,1,z,1,,
,0,0,0,ADJ,0,nejchudších,0,,
,0,0,0,NOUN,0,zemí,0,,
,0,0,1,ADP,1,na,1,,
,0,0,0,NOUN,0,světě,0,,
,0,0,0,PUNCT,0,.,0,,
,0,0,0,PART,0,Kdoví,0,,
,0,0,0,PUNCT,0,",",0,,
,0,0,0,ADV,0,kam,0,,
,0,0,0,PART,0,až,0,,
,0,0,0,AUX,0,by,0,,
,0,0,0,VERB,0,doskočil,0,,
,0,0,0,PUNCT,0,",",0,,
,0,0,0,_,0,kdyby,0,,
,0,0,0,VERB,0,skákal,0,,
,0,1,0,ADP,1,s,1,,
,0,0,0,NOUN,0,rozběhem,0,,
,0,0,0,PUNCT,0,.,0,,
,0,0,0,PRON,0,Nikdo,0,,
,0,0,0,PRON,0,si,0,,
,0,0,0,VERB,0,nemůže,0,,
,1,1,0,VERB,0,dovolit,0,,
,1,1,0,VERB,0,udělat,0,,
,0,0,1,ADJ,1,chybný,1,0,c
,0,1,0,NOUN,1,krok,1,0,c
,0,0,0,PUNCT,0,",",0,,
,0,0,0,CCONJ,0,ani,0,,
,0,0,0,ADP,0,v,0,,
,0,0,0,PROPN,0,Chartúmu,0,,
,0,0,0,PUNCT,0,",",0,,
,0,0,0,CCONJ,0,ani,0,,
,0,0,0,ADP,0,v,0,,
,0,0,0,PROPN,0,Jubě,0,,
,0,0,0,PUNCT,0,",",0,,
,0,0,0,CCONJ,0,ani,0,,
,0,0,0,ADP,0,v,0,,
,0,0,0,PROPN,0,Bruselu,0,,
,0,0,0,CCONJ,0,nebo,0,,
,0,0,0,ADP,0,v,0,,
,0,0,0,ADJ,0,Africké,0,,
,0,0,0,NOUN,0,unii,0,,
,0,0,0,ADP,0,v,0,,
,0,0,0,X,0,Addis,0,,
,0,0,0,PROPN,0,Abebě,0,,
,0,0,0,PUNCT,0,.,0,,
,0,1,0,ADP,1,Po,1,,
,0,0,0,NUM,0,dvaceti,0,,
,0,0,0,NOUN,0,letech,0,,
,0,0,0,ADV,0,konečně,0,,
,0,0,0,VERB,0,vidíme,0,,
,0,0,0,ADP,0,na,0,,
,0,0,0,NOUN,0,konci,0,,
,0,0,0,ADJ,0,dlouhého,0,,
,0,0,0,CCONJ,0,a,0,,
,0,0,1,ADJ,1,vysilujícího,1,0,n
,0,0,1,NOUN,1,tunelu,1,0,n
,0,0,0,ADJ,0,první,0,,
,0,1,0,NOUN,1,paprsky,1,1,c
,0,0,1,NOUN,1,světla,1,1,c
,0,0,0,PUNCT,0,.,0,,
,0,0,0,NOUN,0,Pane,0,,
,0,0,0,ADJ,0,předsedající,0,,
,0,0,0,PUNCT,0,",",0,,
,0,1,0,ADP,1,v,1,,
,0,0,0,ADJ,0,dnešní,0,,
,0,0,0,NOUN,0,rozpravě,0,,
,0,0,0,AUX,0,bychom,0,,
,0,0,0,VERB,0,měli,0,,
,0,1,0,VERB,1,odolat,1,1,c
,0,0,1,NOUN,1,pokušení,1,1,c
,0,0,0,ADJ,0,přehnaného,0,,
,0,0,0,NOUN,0,optimismu,0,,
,0,0,0,PUNCT,0,.,0,,
,0,0,0,CCONJ,0,A,0,,
,0,0,0,ADV,0,kdy,0,,
,0,0,0,DET,0,to,0,,
,0,0,0,VERB,0,mělo,0,,
,0,0,0,VERB,0,byt,0,,
,0,0,0,PUNCT,0,",",0,,
,0,0,0,DET,0,to,0,,
,0,0,0,DET,0,to,0,,
,0,0,0,AUX,0,bylo,0,,
,0,0,0,ADV,0,dnes,0,,
,0,0,0,PUNCT,0,.,0,,
,0,0,0,PART,0,no,0,,
,0,0,0,CCONJ,0,ale,0,,
,0,0,0,VERB,0,nevim,0,,
,0,0,0,ADV,0,jak,0,,
,0,0,0,PRON,0,jim,0,,
,0,0,0,DET,0,to,0,,
,0,1,0,VERB,1,vyšlo,1,0,c
,0,0,0,PUNCT,0,.,0,,
,0,1,0,ADP,1,V,1,,
,0,0,0,NOUN,0,noci,0,,
,0,0,0,PRON,0,se,0,,
,0,0,0,PRON,0,mi,0,,
,1,1,0,VERB,0,zdálo,0,,
,0,1,0,ADP,1,o,1,,
,0,0,0,ADJ,0,břišních,0,,
,1,1,0,NOUN,0,tanečnicích,0,,
,0,0,0,PUNCT,0,.,0,,
,0,0,0,SCONJ,0,takže,0,,
,0,0,0,DET,0,to,0,,
,0,0,0,PRON,0,já,0,,
,0,0,0,VERB,0,nemám,0,,
,0,0,0,NOUN,0,čas,0,,
,0,0,0,PUNCT,0,",",0,,
,0,0,0,PRON,0,já,0,,
,0,0,0,SCONJ,0,dyž,0,,
,0,0,0,AUX,0,su,0,,
,0,0,0,ADP,0,v,0,,
,0,0,0,PROPN,0,Kyjově,0,,
,0,0,0,ADV,0,tak,0,,
,0,0,0,VERB,0,dojedu,0,,
,0,0,0,ADV,0,dom,0,,
,0,1,0,ADP,1,o,1,,
,0,0,0,NUM,0,půl,0,,
,0,0,0,ADJ,0,šesté,0,,
,0,0,0,PUNCT,0,",",0,,
,0,0,0,PART,0,fakt,0,,
,0,0,0,PUNCT,0,?,0,,
,0,0,0,PART,0,ano,0,,
,0,0,0,PUNCT,0,",",0,,
,0,0,0,PRON,0,já,0,,
,0,0,0,VERB,0,jedu,0,,
,0,0,0,PUNCT,0,",",0,,
,0,0,0,INTJ,0,eee,0,,
,0,0,0,PUNCT,0,.,0,,
,0,0,1,VERB,1,Zdá,1,0,c
,0,0,1,PRON,1,se,1,,
,0,0,0,PUNCT,0,",",0,,
,0,0,0,SCONJ,0,že,0,,
,0,0,0,DET,0,onou,0,,
,0,0,0,NOUN,0,dobou,0,,
,0,0,1,VERB,1,opouštěly,1,1,x
,0,0,0,PROPN,0,Čechy,0,,
,0,0,0,ADV,0,především,0,,
,0,0,0,NOUN,0,suroviny,0,,
,0,0,0,CCONJ,0,a,0,,
,0,0,0,NOUN,0,polotovary,0,,
,0,0,0,PUNCT,0,",",0,,
,0,0,0,PART,0,například,0,,
,0,0,1,ADV,1,právě,1,,
,0,1,0,ADJ,1,uvedený,1,0,c
,0,0,0,NOUN,0,vosk,0,,
,0,0,0,PUNCT,0,",",0,,
,0,0,0,CCONJ,0,a,0,,
,0,0,0,ADV,0,případně,0,,
,0,0,0,ADV,0,též,0,,
,0,0,0,NOUN,0,zboží,0,,
,0,0,0,PUNCT,0,",",0,,
,0,0,0,DET,0,která,0,,
,0,0,0,DET,0,naším,0,,
,0,0,0,NOUN,0,územím,0,,
,0,0,1,VERB,1,procházela,1,0,c
,0,0,0,SCONJ,0,jako,0,,
,0,0,0,NOUN,0,zásilky,0,,
,0,0,0,ADJ,0,tranzitního,0,,
,0,0,0,NOUN,0,obchodu,0,,
,0,0,0,PUNCT,0,",",0,,
,0,0,0,ADV,0,třeba,0,,
,0,0,0,ADJ,0,saská,0,,
,0,0,0,NOUN,0,sůl,0,,
,0,0,0,ADP,0,ze,0,,
,0,0,0,NOUN,0,solivarů,0,,
,0,0,0,ADP,0,v,0,,
,0,0,0,NOUN,0,okolí,0,,
,0,0,0,X,0,Halle,0,,
,0,0,0,X,0,an,0,,
,0,0,0,X,0,der,0,,
,0,0,0,X,0,Saale,0,,
,0,0,0,PUNCT,0,.,0,,
,0,0,0,ADV,0,Kupodivu,0,,
,0,0,0,AUX,0,jsem,0,,
,0,0,0,VERB,0,zvládla,0,,
,0,0,0,CCONJ,0,i,0,,
,0,0,0,ADJ,0,zabijačkovou,0,,
,0,0,0,NOUN,0,polévku,0,,
,0,0,0,PUNCT,0,",",0,,
,0,0,0,SCONJ,0,přestože,0,,
,0,0,0,AUX,0,jsem,0,,
,0,0,0,ADV,0,stále,0,,
,0,0,0,ADJ,0,přesvědčená,0,,
,0,0,0,PUNCT,0,",",0,,
,0,0,0,SCONJ,0,že,0,,
,0,0,0,NOUN,0,jídlo,0,,
,0,0,0,AUX,0,by,0,,
,0,0,0,VERB,0,nemělo,0,,
,0,0,0,VERB,0,mít,0,,
,0,0,0,ADJ,0,černou,0,,
,0,0,0,NOUN,0,barvu,0,,
,0,0,0,PUNCT,0,.,0,,
,0,0,0,SCONJ,0,Až,0,,
,0,0,0,DET,0,tato,0,,
,0,0,0,NOUN,0,zášť,0,,
,0,1,0,VERB,1,vyprchá,1,0,c
,0,0,0,CCONJ,0,a,0,,
,0,1,0,VERB,1,nadejde,1,1,c
,0,0,0,NOUN,0,čas,0,,
,0,0,1,VERB,1,budovat,1,1,c
,0,0,0,ADJ,0,státní,0,,
,0,0,0,NOUN,0,instituce,0,,
,0,0,0,PUNCT,0,",",0,,
,0,0,0,ADV,0,hned,0,,
,0,0,0,AUX,0,bude,0,,
,0,0,0,ADJ,0,patrná,0,,
,0,1,0,ADJ,1,křehká,1,1,c
,0,0,0,NOUN,0,rovnováha,0,,
,0,1,0,ADP,1,mezi,1,,
,0,0,0,NUM,0,třemi,0,,
,0,0,0,ADV,0,kulturně,0,,
,0,0,0,CCONJ,0,a,0,,
,0,0,0,ADV,0,jazykově,0,,
,0,0,0,ADJ,0,odlišnými,0,,
,0,0,0,NOUN,0,kmeny,0,,
,0,0,0,PUNCT,0,.,0,,
,0,0,0,ADP,0,Vzhledem,0,,
,0,1,0,ADP,1,k,1,,
,0,0,0,DET,0,tomu,0,,
,0,0,0,PUNCT,0,",",0,,
,0,0,0,SCONJ,0,že,0,,
,0,0,0,VERB,0,víme,0,,
,0,0,0,ADV,0,jistě,0,,
,0,0,0,PUNCT,0,",",0,,
,0,0,0,SCONJ,0,že,0,,
,0,1,0,ADP,1,v,1,,
,0,0,0,NOUN,0,družinách,0,,
,0,0,0,NOUN,0,členů,0,,
,0,0,0,ADJ,0,přemyslovského,0,,
,0,0,0,NOUN,0,rodu,0,,
,0,0,0,ADJ,0,skandinávští,0,,
,0,0,0,NOUN,0,bojovníci,0,,
,0,0,1,VERB,1,sloužili,1,1,c
,0,0,0,PUNCT,0,",",0,,
,0,0,0,AUX,0,je,0,,
,0,0,0,ADJ,0,možné,0,,
,0,0,0,PUNCT,0,",",0,,
,0,0,0,SCONJ,0,že,0,,
,0,0,0,DET,0,tyto,0,,
,0,0,0,NOUN,0,nálezy,0,,
,0,1,0,VERB,1,zachycují,1,1,c
,0,0,0,NOUN,0,úspory,0,,
,0,1,0,ADP,1,ze,1,,
,0,0,0,NOUN,0,žoldu,0,,
,0,0,0,PUNCT,0,",",0,,
,0,0,0,DET,0,který,0,,
,0,0,0,ADJ,0,přemyslovská,0,,
,0,0,0,NOUN,0,správa,0,,
,0,0,0,ADJ,0,najatým,0,,
,0,0,0,NOUN,0,válečníkům,0,,
,0,0,1,VERB,1,platila,1,1,x
,0,0,0,PUNCT,0,.,0,,
,0,0,0,ADV,0,Také,0,,
,0,0,0,ADJ,0,letošní,0,,
,0,0,0,NOUN,0,svátky,0,,
,0,0,0,NOUN,0,klidu,0,,
,0,0,0,CCONJ,0,a,0,,
,0,0,0,NOUN,0,míru,0,,
,0,0,0,AUX,0,byly,0,,
,0,0,0,ADV,0,jen,0,,
,0,0,0,ADJ,0,nepříjemnou,0,,
,0,0,0,NOUN,0,připomínkou,0,,
,0,0,0,NOUN,0,skutečnosti,0,,
,0,0,0,PUNCT,0,",",0,,
,0,0,0,SCONJ,0,že,0,,
,0,0,0,ADP,0,bez,0,,
,0,0,0,NOUN,0,rodiny,0,,
,0,0,0,AUX,0,není,0,,
,0,0,0,ADV,0,jaksi,0,,
,0,0,0,PRON,0,co,0,,
,0,0,0,VERB,0,oslavovat,0,,
,0,0,0,PUNCT,0,.,0,,
,0,0,0,VERB,0,Požádala,0,,
,0,0,0,AUX,0,jsem,0,,
,0,0,0,NOUN,0,matku,0,,
,0,0,0,PUNCT,0,",",0,,
,0,0,0,_,0,aby,0,,
,0,0,0,PRON,0,se,0,,
,0,1,0,ADP,1,nad,1,,
,0,0,0,DET,0,touto,0,,
,0,0,0,NOUN,0,skutečností,0,,
,0,0,0,ADV,0,alespoň,0,,
,0,0,0,VERB,0,zamyslela,0,,
,0,0,0,PUNCT,0,",",0,,
,0,0,0,CCONJ,0,ale,0,,
,0,0,0,VERB,0,odmítla,0,,
,0,1,0,ADP,1,s,1,,
,0,0,0,DET,0,tím,0,,
,0,0,0,PUNCT,0,",",0,,
,0,0,0,SCONJ,0,že,0,,
,0,0,0,AUX,0,nebude,0,,
,0,0,0,VERB,0,bydlet,0,,
,0,0,0,ADP,0,v,0,,
,0,0,0,NOUN,0,bytě,0,,
,0,1,0,ADP,1,po,1,,
,0,0,0,ADJ,0,nacistickém,0,,
,0,0,0,NOUN,0,hrdlořezovi,0,,
,0,0,0,PUNCT,0,",",0,,
,0,0,0,ADP,0,kvůli,0,,
,0,0,0,PRON,0,němuž,0,,
,0,0,1,VERB,1,padl,1,0,c
,0,0,0,DET,0,její,0,,
,0,0,0,NOUN,0,dědeček,0,,
,0,0,0,PROPN,0,Joe,0,,
,0,0,0,PUNCT,0,.,0,,
,0,0,0,CCONJ,0,ale,0,,
,0,0,0,ADV,0,tak,0,,
,0,0,0,DET,0,to,0,,
,0,0,0,PRON,0,ona,0,,
,0,0,0,DET,0,všechno,0,,
,0,0,1,VERB,1,pláce,1,0,c
,0,0,0,ADV,0,dohromady,0,,
,0,0,0,PUNCT,0,-,0,,
,0,0,0,CCONJ,0,ale,0,,
,0,0,0,PART,0,ne,0,,
,0,0,0,ADV,0,šak,0,,
,0,0,0,DET,0,to,0,,
,0,0,0,AUX,0,je,0,,
,0,0,0,DET,0,takový,0,,
,0,0,0,NOUN,0,nátělník,0,,
,0,0,0,PUNCT,0,.,0,,
,0,0,0,NOUN,0,Pane,0,,
,0,0,0,ADJ,0,předsedající,0,,
,0,0,0,PUNCT,0,",",0,,
,0,0,1,VERB,1,vítám,1,1,c
,0,0,0,PUNCT,0,",",0,,
,0,0,0,SCONJ,0,že,0,,
,0,0,0,ADJ,0,jižní,0,,
,0,0,0,PROPN,0,Súdán,0,,
,0,0,0,AUX,0,bude,0,,
,0,0,0,ADJ,0,nezávislý,0,,
,0,0,0,PUNCT,0,",",0,,
,0,0,0,CCONJ,0,a,0,,
,0,0,0,VERB,0,blahopřeji,0,,
,0,0,0,NOUN,0,obyvatelům,0,,
,0,0,0,ADJ,0,jižního,0,,
,0,0,0,PROPN,0,Súdánu,0,,
,0,1,0,ADP,1,k,1,,
,0,0,0,DET,0,tomu,0,,
,0,0,0,PUNCT,0,",",0,,
,0,0,0,SCONJ,0,že,0,,
,0,0,0,DET,0,toho,0,,
,0,1,0,VERB,1,dosáhli,1,1,c
,0,0,0,PUNCT,0,.,0,,
,0,0,0,ADJ,0,Vážený,0,,
,0,0,0,NOUN,0,pane,0,,
,0,0,0,NOUN,0,předsedo,0,,
,0,0,0,PUNCT,0,",",0,,
,0,0,0,VERB,0,dovolte,0,,
,0,0,0,PRON,0,mi,0,,
,0,1,0,ADP,1,v,1,,
,0,0,0,ADJ,0,první,0,,
,0,1,0,NOUN,1,řadě,1,0,c
,0,0,0,VERB,0,poblahopřát,0,,
,0,0,0,NOUN,0,pani,0,,
,0,0,0,PROPN,0,Oomenové,0,,
,0,0,0,PUNCT,0,-,0,,
,0,0,0,PROPN,0,Ruijtenové,0,,
,0,1,0,ADP,1,k,1,,
,0,0,0,DET,0,její,0,,
,0,0,0,ADJ,0,výstižné,0,,
,0,0,0,NOUN,0,zprávě,0,,
,0,0,0,CCONJ,0,a,0,,
,0,1,0,ADP,1,k,1,,
,0,0,0,NOUN,0,návrhu,0,,
,0,0,0,PUNCT,0,",",0,,
,0,0,0,DET,0,který,0,,
,0,0,0,AUX,0,je,0,,
,0,0,0,ADJ,0,důkladný,0,,
,0,0,0,CCONJ,0,a,0,,
,0,0,0,ADV,0,zároveň,0,,
,0,0,0,ADJ,0,spravedlivý,0,,
,0,0,0,PUNCT,0,.,0,,
,0,0,0,DET,0,takové,0,,
,0,0,0,NOUN,0,šaty,0,,
,0,0,0,SCONJ,0,jako,0,,
,0,0,0,PRON,0,co,0,,
,0,0,0,AUX,0,by,0,,
,0,0,0,VERB,0,měla,0,,
,0,0,0,ADJ,0,dlúhé,0,,
,0,0,0,PRON,0,jesi,0,,
,0,0,0,AUX,0,by,0,,
,0,0,0,PART,0,jo,0,,
,0,0,1,ADP,1,do,1,,
,0,0,0,DET,0,toho,0,,
,0,0,0,VERB,0,chtěla,0,,
,0,0,1,VERB,1,jít,1,0,c
,0,0,0,PUNCT,0,",",0,,
,0,0,0,PART,0,jo,0,,
,0,0,0,NOUN,0,pane,0,,
,0,0,0,PUNCT,0,",",0,,
,0,0,0,PART,0,jo,0,,
,0,0,0,CCONJ,0,a,0,,
,0,0,0,ADV,0,tak,0,,
,0,0,0,DET,0,to,0,,
,0,1,0,ADP,1,v,1,,
,0,0,0,NOUN,0,létě,0,,
,0,0,0,SCONJ,0,že,0,,
,0,0,0,PART,0,jo,0,,
,0,0,0,SCONJ,0,až,0,,
,0,0,0,AUX,0,bude,0,,
,0,0,0,ADV,0,třeba,0,,
,0,0,0,CCONJ,0,aj,0,,
,0,0,0,DET,0,ňáká,0,,
,0,0,0,NOUN,0,akce,0,,
,0,0,0,DET,0,to,0,,
,0,0,0,SCONJ,0,jako,0,,
,0,0,0,CCONJ,0,ani,0,,
,0,0,0,VERB,0,nemusí,0,,
,0,0,0,AUX,0,být,0,,
,0,0,0,NOUN,0,akce,0,,
,0,0,0,PUNCT,0,.,0,,
,0,0,0,VERB,0,Topit,0,,
,0,0,0,VERB,0,můžeme,0,,
,0,0,0,ADP,0,v,0,,
,0,0,0,ADJ,0,kachlových,0,,
,0,0,0,NOUN,0,kamnech,0,,
,0,0,0,PUNCT,0,",",0,,
,0,0,0,VERB,0,svítit,0,,
,0,0,0,ADJ,0,petrolejovými,0,,
,0,0,0,NOUN,0,lampami,0,,
,0,0,0,CCONJ,0,a,0,,
,0,0,0,NOUN,0,vodu,0,,
,0,0,0,VERB,0,ohřívat,0,,
,0,0,0,ADP,0,v,0,,
,0,0,0,NOUN,0,kotli,0,,
,0,0,0,PUNCT,0,",",0,,
,0,0,0,ADV,0,jak,0,,
,0,0,0,PRON,0,se,0,,
,0,0,0,DET,0,to,0,,
,0,0,0,ADP,0,na,0,,
,0,0,0,PROPN,0,Kostce,0,,
,0,0,0,VERB,0,dělávalo,0,,
,0,0,0,PART,0,až,0,,
,0,1,0,ADP,1,do,1,,
,0,0,0,NOUN,0,roku,0,,
,0,0,0,NUM,0,1927,0,,
,0,0,0,DET,0,Svůj,0,,
,0,0,0,NOUN,0,proslov,0,,
,0,0,0,VERB,0,zakončil,0,,
,0,0,0,ADJ,0,odvážným,0,,
,0,0,0,NOUN,0,tvrzením,0,,
,0,0,0,PUNCT,0,",",0,,
,0,0,0,SCONJ,0,že,0,,
,0,0,0,ADJ,0,elektrický,0,,
,0,0,1,NOUN,1,proud,1,1,c
,0,0,1,VERB,1,působí,1,0,c
,0,1,0,ADP,1,na,1,,
,0,0,0,NOUN,0,psychiku,0,,
,0,0,0,CCONJ,0,a,0,,
,0,0,1,VERB,1,dělá,1,1,c
,0,0,0,NOUN,0,lidi,0,,
,0,0,0,ADJ,0,nervózními,0,,
,0,0,0,PUNCT,0,.,0,,
,0,0,1,PART,1,Až,1,,
,0,1,0,ADP,1,do,1,,
,0,1,0,NOUN,1,vyhlášení,1,1,c
,0,0,0,NOUN,0,nezávislosti,0,,
c,1,1,0,VERB,0,záleží,0,,
,0,1,0,ADP,1,na,1,,
,0,0,0,DET,0,každém,0,,
,1,1,0,NOUN,0,dni,0,,
,0,0,0,PUNCT,0,.,0,,
